TEAM_ID,TEAM_CITY,TEAM_NAME,YEAR,GP,WINS,LOSSES,WIN_PCT,CONF_RANK,DIV_RANK,PO_WINS,PO_LOSSES,NBA_FINALS_APPEARANCE,FGM,FGA,FG_PCT,FG3M,FG3A,FG3_PCT,FTM,FTA,FT_PCT,PTS,PTS_RANK
1610612737,Atlanta,Hawks,2000,82,25,57,0.305,13,7,0,0,N/A,2876,6668,0.431,333,933,0.357,1374,1811,0.759,7459,26
1610612737,Atlanta,Hawks,2001,82,33,49,0.402,12,6,0,0,N/A,2901,6610,0.439,423,1194,0.354,1486,1942,0.765,7711,19
1610612737,Atlanta,Hawks,2002,82,35,47,0.427,11,5,0,0,N/A,2859,6434,0.444,402,1141,0.352,1594,2011,0.793,7714,18
1610612737,Atlanta,Hawks,2003,82,28,54,0.341,12,7,0,0,N/A,2829,6529,0.433,419,1249,0.335,1534,1976,0.776,7611,15
1610612737,Atlanta,Hawks,2004,82,13,69,0.159,15,5,0,0,N/A,2942,6672,0.441,304,973,0.312,1417,1994,0.711,7605,28
1610612737,Atlanta,Hawks,2005,82,26,56,0.317,14,5,0,0,N/A,2946,6496,0.454,424,1154,0.367,1656,2207,0.75,7972,16
1610612737,Atlanta,Hawks,2006,82,30,52,0.366,13,5,0,0,N/A,2831,6372,0.444,341,1038,0.329,1677,2203,0.761,7680,30
1610612737,Atlanta,Hawks,2007,82,37,45,0.451,8,3,3,4,N/A,2975,6552,0.454,384,1078,0.356,1720,2227,0.772,8054,15
1610612737,Atlanta,Hawks,2008,82,47,35,0.573,4,2,4,7,N/A,2956,6451,0.458,597,1633,0.366,1537,2085,0.737,8046,19
1610612737,Atlanta,Hawks,2009,82,53,29,0.646,3,2,4,7,N/A,3181,6801,0.468,524,1455,0.36,1452,1914,0.759,8338,13
1610612737,Atlanta,Hawks,2010,82,44,38,0.537,5,3,6,6,N/A,2971,6429,0.462,502,1427,0.352,1346,1728,0.779,7790,26
1610612737,Atlanta,Hawks,2011,66,40,26,0.606,5,2,2,4,N/A,2429,5348,0.454,492,1330,0.37,1025,1385,0.74,6375,17
1610612737,Atlanta,Hawks,2012,82,44,38,0.537,6,2,2,4,N/A,3084,6644,0.464,706,1901,0.371,1158,1619,0.715,8032,14
1610612737,Atlanta,Hawks,2013,82,38,44,0.463,8,4,3,4,N/A,3061,6688,0.458,768,2116,0.363,1392,1782,0.781,8282,15
1610612737,Atlanta,Hawks,2014,82,60,22,0.732,1,1,8,8,N/A,3121,6699,0.466,818,2152,0.38,1349,1735,0.778,8409,10
1610612737,Atlanta,Hawks,2015,82,48,34,0.585,4,2,4,6,N/A,3168,6923,0.458,815,2326,0.35,1282,1638,0.783,8433,12
1610612737,Atlanta,Hawks,2016,82,43,39,0.524,5,2,2,4,N/A,3123,6918,0.451,729,2137,0.341,1484,2039,0.728,8459,22
1610612737,Atlanta,Hawks,2017,82,24,58,0.293,15,5,0,0,N/A,3130,7015,0.446,917,2544,0.36,1298,1654,0.785,8475,25
1610612737,Atlanta,Hawks,2018,82,29,53,0.354,12,5,0,0,N/A,3392,7524,0.451,1067,3034,0.352,1443,1918,0.752,9294,12
1610612737,Atlanta,Hawks,2019,67,20,47,0.299,14,5,0,0,N/A,2723,6067,0.449,805,2416,0.333,1237,1566,0.79,7488,23
1610612737,Atlanta,Hawks,2020,72,41,31,0.569,5,1,10,8,N/A,2937,6281,0.468,895,2402,0.373,1417,1745,0.812,8186,13
1610612737,Atlanta,Hawks,2021,82,43,39,0.524,8,2,1,4,N/A,3401,7241,0.47,1056,2821,0.374,1485,1829,0.812,9343,6
1610612738,Boston,Celtics,2000,82,36,46,0.439,9,5,0,0,N/A,2773,6485,0.428,592,1633,0.363,1621,2190,0.74,7759,16
1610612738,Boston,Celtics,2001,82,49,33,0.598,3,2,9,7,N/A,2852,6731,0.424,699,1946,0.359,1498,1960,0.764,7901,12
1610612738,Boston,Celtics,2002,82,44,38,0.537,6,3,4,6,N/A,2700,6509,0.415,719,2155,0.334,1480,1994,0.742,7599,22
1610612738,Boston,Celtics,2003,82,36,46,0.439,8,4,0,4,N/A,2843,6415,0.443,553,1599,0.346,1572,2095,0.75,7811,8
1610612738,Boston,Celtics,2004,82,45,37,0.549,4,1,3,4,N/A,3046,6511,0.468,437,1252,0.349,1775,2323,0.764,8304,5
1610612738,Boston,Celtics,2005,82,33,49,0.402,11,3,0,0,N/A,2951,6322,0.467,467,1290,0.362,1664,2204,0.755,8033,12
1610612738,Boston,Celtics,2006,82,24,58,0.293,15,5,0,0,N/A,2858,6454,0.443,471,1283,0.367,1670,2178,0.767,7857,22
1610612738,Boston,Celtics,2007,82,66,16,0.805,1,1,16,10,LEAGUE CHAMPION,2986,6286,0.475,596,1564,0.381,1677,2176,0.771,8245,11
1610612738,Boston,Celtics,2008,82,62,20,0.756,2,1,7,7,N/A,3075,6333,0.486,538,1355,0.397,1587,2075,0.765,8275,11
1610612738,Boston,Celtics,2009,82,50,32,0.61,4,1,15,9,FINALS APPEARANCE,3039,6294,0.483,499,1433,0.348,1559,2090,0.746,8136,19
1610612738,Boston,Celtics,2010,82,56,26,0.683,3,1,5,4,N/A,3023,6219,0.486,408,1119,0.365,1459,1895,0.77,7913,23
1610612738,Boston,Celtics,2011,66,39,27,0.591,4,1,11,9,N/A,2341,5086,0.46,363,988,0.367,1017,1308,0.778,6062,26
1610612738,Boston,Celtics,2012,81,41,40,0.506,7,3,2,4,N/A,3001,6459,0.465,498,1390,0.358,1318,1698,0.776,7818,20
1610612738,Boston,Celtics,2013,82,25,57,0.305,12,4,0,0,N/A,2996,6883,0.435,575,1729,0.333,1325,1706,0.777,7892,26
1610612738,Boston,Celtics,2014,82,40,42,0.488,7,2,0,4,N/A,3193,7211,0.443,660,2021,0.327,1266,1678,0.754,8312,13
1610612738,Boston,Celtics,2015,82,48,34,0.585,5,2,2,4,N/A,3216,7318,0.439,717,2142,0.335,1520,1929,0.788,8669,5
1610612738,Boston,Celtics,2016,82,53,29,0.646,1,1,9,9,N/A,3168,6977,0.454,985,2741,0.359,1536,1903,0.807,8857,7
1610612738,Boston,Celtics,2017,82,55,27,0.671,2,2,11,8,N/A,3141,6975,0.45,939,2492,0.377,1308,1697,0.771,8529,20
1610612738,Boston,Celtics,2018,82,49,33,0.598,4,3,5,4,N/A,3451,7423,0.465,1032,2829,0.365,1282,1598,0.802,9216,14
1610612738,Boston,Celtics,2019,72,48,24,0.667,3,2,10,7,N/A,2971,6448,0.461,905,2487,0.364,1336,1668,0.801,8183,10
1610612738,Boston,Celtics,2020,72,36,36,0.5,7,4,1,4,N/A,2985,6401,0.466,979,2618,0.374,1160,1496,0.775,8109,16
1610612738,Boston,Celtics,2021,82,51,31,0.622,2,1,14,10,FINALS APPEARANCE,3341,7167,0.466,1085,3044,0.356,1397,1713,0.816,9164,12
1610612739,Cleveland,Cavaliers,2000,82,30,52,0.366,11,6,0,0,N/A,2890,6532,0.442,220,659,0.334,1561,2040,0.765,7561,22
1610612739,Cleveland,Cavaliers,2001,82,29,53,0.354,14,7,0,0,N/A,2948,6582,0.448,387,1026,0.377,1529,1980,0.772,7812,16
1610612739,Cleveland,Cavaliers,2002,82,17,65,0.207,15,8,0,0,N/A,2850,6746,0.422,293,896,0.327,1502,2012,0.747,7495,25
1610612739,Cleveland,Cavaliers,2003,82,35,47,0.427,9,5,0,0,N/A,2922,6753,0.433,247,786,0.314,1528,2030,0.753,7619,14
1610612739,Cleveland,Cavaliers,2004,82,42,40,0.512,9,4,0,0,N/A,2990,6687,0.447,300,904,0.332,1634,2174,0.752,7914,17
1610612739,Cleveland,Cavaliers,2005,82,50,32,0.61,3,2,7,6,N/A,2908,6412,0.454,497,1465,0.339,1689,2318,0.729,8002,15
1610612739,Cleveland,Cavaliers,2006,82,50,32,0.61,2,2,12,8,FINALS APPEARANCE,2978,6658,0.447,494,1404,0.352,1484,2133,0.696,7934,19
1610612739,Cleveland,Cavaliers,2007,82,45,37,0.549,4,2,7,6,N/A,2937,6697,0.439,552,1544,0.358,1477,2061,0.717,7903,24
1610612739,Cleveland,Cavaliers,2008,82,66,16,0.805,1,1,10,4,N/A,3022,6454,0.468,656,1670,0.393,1523,2012,0.757,8223,13
1610612739,Cleveland,Cavaliers,2009,82,61,21,0.744,1,1,6,5,N/A,3101,6391,0.485,602,1582,0.381,1569,2180,0.72,8373,9
1610612739,Cleveland,Cavaliers,2010,82,19,63,0.232,15,5,0,0,N/A,2886,6647,0.434,509,1489,0.342,1546,2075,0.745,7827,25
1610612739,Cleveland,Cavaliers,2011,66,21,45,0.318,13,5,0,0,N/A,2261,5360,0.422,440,1273,0.346,1178,1645,0.716,6140,25
1610612739,Cleveland,Cavaliers,2012,82,24,58,0.293,13,5,0,0,N/A,2993,6901,0.434,547,1581,0.346,1380,1826,0.756,7913,18
1610612739,Cleveland,Cavaliers,2013,82,33,49,0.402,10,3,0,0,N/A,3036,6955,0.437,584,1640,0.356,1398,1861,0.751,8054,22
1610612739,Cleveland,Cavaliers,2014,82,53,29,0.646,2,1,14,6,FINALS APPEARANCE,3089,6739,0.458,826,2253,0.367,1453,1934,0.751,8457,8
1610612739,Cleveland,Cavaliers,2015,82,57,25,0.695,1,1,16,5,LEAGUE CHAMPION,3171,6888,0.46,880,2428,0.362,1333,1783,0.748,8555,8
1610612739,Cleveland,Cavaliers,2016,82,51,31,0.622,2,1,13,5,FINALS APPEARANCE,3275,6963,0.47,1067,2779,0.384,1431,1913,0.748,9048,4
1610612739,Cleveland,Cavaliers,2017,82,50,32,0.61,4,1,12,10,FINALS APPEARANCE,3311,6950,0.476,981,2636,0.372,1488,1909,0.779,9091,5
1610612739,Cleveland,Cavaliers,2018,82,19,63,0.232,14,5,0,0,N/A,3189,7184,0.444,847,2388,0.355,1342,1694,0.792,8567,29
1610612739,Cleveland,Cavaliers,2019,65,19,46,0.292,15,5,0,0,N/A,2619,5715,0.458,727,2070,0.351,983,1296,0.758,6948,27
1610612739,Cleveland,Cavaliers,2020,72,22,50,0.306,13,4,0,0,N/A,2778,6175,0.45,720,2141,0.336,1200,1614,0.743,7476,30
1610612739,Cleveland,Cavaliers,2021,82,44,38,0.537,9,3,0,0,N/A,3255,6940,0.469,953,2686,0.355,1376,1810,0.76,8839,25
1610612740,New Orleans,Hornets,2002,82,47,35,0.573,5,3,2,4,N/A,2914,6695,0.435,404,1075,0.376,1467,1910,0.768,7699,19
1610612740,New Orleans,Hornets,2003,82,41,41,0.5,5,3,3,4,N/A,2772,6605,0.42,531,1666,0.319,1454,1937,0.751,7529,17
1610612740,New Orleans,Hornets,2004,82,18,64,0.22,15,5,0,0,N/A,2718,6556,0.415,415,1316,0.315,1401,1830,0.766,7252,30
1610612740,New Orleans/Oklahoma City,Hornets,2005,82,38,44,0.463,10,4,0,0,N/A,2831,6428,0.44,300,885,0.339,1649,2176,0.758,7611,25
1610612740,New Orleans/Oklahoma City,Hornets,2006,82,39,43,0.476,10,4,0,0,N/A,2971,6674,0.445,455,1256,0.362,1436,1941,0.74,7833,25
1610612740,New Orleans,Hornets,2007,82,56,26,0.683,2,1,7,5,N/A,3164,6796,0.466,630,1621,0.389,1312,1707,0.769,8270,9
1610612740,New Orleans,Hornets,2008,82,49,33,0.598,7,4,1,4,N/A,2911,6366,0.457,556,1526,0.364,1479,1833,0.807,7857,26
1610612740,New Orleans,Hornets,2009,82,37,45,0.451,11,5,0,0,N/A,3178,6842,0.464,571,1572,0.363,1293,1661,0.778,8220,17
1610612740,New Orleans,Hornets,2010,82,46,36,0.561,7,3,2,4,N/A,2944,6416,0.459,444,1232,0.36,1452,1897,0.765,7784,27
1610612740,New Orleans,Hornets,2011,66,21,45,0.318,15,5,0,0,N/A,2300,5103,0.451,259,777,0.333,1057,1397,0.757,5916,29
1610612740,New Orleans,Hornets,2012,82,27,55,0.329,14,5,0,0,N/A,2955,6589,0.448,535,1474,0.363,1269,1636,0.776,7714,24
1610612740,New Orleans,Pelicans,2013,82,34,48,0.415,12,5,0,0,N/A,3101,6761,0.459,486,1303,0.373,1489,1936,0.769,8177,18
1610612740,New Orleans,Pelicans,2014,82,45,37,0.549,8,5,0,4,N/A,3108,6795,0.457,586,1583,0.37,1345,1790,0.751,8147,16
1610612740,New Orleans,Pelicans,2015,82,30,52,0.366,12,5,0,0,N/A,3153,7040,0.448,702,1951,0.36,1415,1823,0.776,8423,13
1610612740,New Orleans,Pelicans,2016,82,34,48,0.415,10,4,0,0,N/A,3210,7130,0.45,768,2196,0.35,1368,1825,0.75,8556,18
1610612740,New Orleans,Pelicans,2017,82,48,34,0.585,6,2,5,4,N/A,3500,7241,0.483,837,2312,0.362,1324,1716,0.772,9161,3
1610612740,New Orleans,Pelicans,2018,82,33,49,0.402,13,4,0,0,N/A,3581,7563,0.473,842,2449,0.344,1462,1921,0.761,9466,3
1610612740,New Orleans,Pelicans,2019,72,30,42,0.417,13,5,0,0,N/A,3065,6598,0.465,982,2656,0.37,1229,1687,0.729,8341,6
1610612740,New Orleans,Pelicans,2020,72,31,41,0.431,11,4,0,0,N/A,3060,6412,0.477,762,2190,0.348,1369,1878,0.729,8251,9
1610612740,New Orleans,Pelicans,2021,82,36,46,0.439,8,3,2,4,N/A,3294,7212,0.457,873,2629,0.332,1501,1903,0.789,8962,21
1610612741,Chicago,Bulls,2000,82,15,67,0.183,15,8,0,0,N/A,2721,6411,0.424,329,950,0.346,1410,1909,0.739,7181,29
1610612741,Chicago,Bulls,2001,82,21,61,0.256,15,8,0,0,N/A,2811,6491,0.433,300,868,0.346,1413,1958,0.722,7335,28
1610612741,Chicago,Bulls,2002,82,30,52,0.366,12,6,0,0,N/A,2991,6714,0.445,349,997,0.35,1455,2014,0.722,7786,16
1610612741,Chicago,Bulls,2003,82,23,59,0.28,14,8,0,0,N/A,2798,6753,0.414,429,1256,0.342,1330,1834,0.725,7355,26
1610612741,Chicago,Bulls,2004,82,47,35,0.573,3,2,2,4,N/A,2849,6592,0.432,511,1433,0.357,1536,2048,0.75,7745,21
1610612741,Chicago,Bulls,2005,82,41,41,0.5,7,4,2,4,N/A,3004,6737,0.446,560,1477,0.379,1452,1967,0.738,8020,13
1610612741,Chicago,Bulls,2006,82,49,33,0.598,5,3,6,4,N/A,3046,6663,0.457,480,1237,0.388,1528,2083,0.734,8100,13
1610612741,Chicago,Bulls,2007,82,33,49,0.402,11,4,0,0,N/A,2987,6861,0.435,474,1305,0.363,1533,2029,0.756,7981,18
1610612741,Chicago,Bulls,2008,82,41,41,0.5,7,2,3,4,N/A,3126,6846,0.457,493,1293,0.381,1633,2052,0.796,8378,8
1610612741,Chicago,Bulls,2009,82,41,41,0.5,8,3,1,4,N/A,3081,6825,0.451,352,1066,0.33,1479,1962,0.754,7993,24
1610612741,Chicago,Bulls,2010,82,62,20,0.756,1,1,9,7,N/A,3042,6587,0.462,511,1415,0.361,1492,2008,0.743,8087,20
1610612741,Chicago,Bulls,2011,66,50,16,0.758,1,1,2,4,N/A,2467,5462,0.452,419,1117,0.375,1006,1394,0.722,6359,18
1610612741,Chicago,Bulls,2012,82,45,37,0.549,5,2,5,7,N/A,2926,6698,0.437,446,1265,0.353,1343,1738,0.773,7641,29
1610612741,Chicago,Bulls,2013,82,48,34,0.585,4,2,1,4,N/A,2843,6577,0.432,508,1459,0.348,1486,1908,0.779,7680,30
1610612741,Chicago,Bulls,2014,82,50,32,0.61,3,2,6,6,N/A,3001,6797,0.442,645,1825,0.353,1618,2067,0.783,8265,15
1610612741,Chicago,Bulls,2015,82,42,40,0.512,9,4,0,0,N/A,3165,7170,0.441,651,1753,0.371,1354,1720,0.787,8335,21
1610612741,Chicago,Bulls,2016,82,41,41,0.5,8,4,2,4,N/A,3169,7141,0.444,623,1831,0.34,1474,1848,0.798,8435,23
1610612741,Chicago,Bulls,2017,82,27,55,0.329,13,5,0,0,N/A,3170,7285,0.435,906,2549,0.355,1194,1574,0.759,8440,26
1610612741,Chicago,Bulls,2018,82,22,60,0.268,13,4,0,0,N/A,3266,7205,0.453,745,2123,0.351,1328,1695,0.783,8605,27
1610612741,Chicago,Bulls,2019,65,22,43,0.338,11,3,0,0,N/A,2573,5762,0.447,793,2282,0.348,1006,1332,0.755,6945,28
1610612741,Chicago,Bulls,2020,72,31,41,0.431,11,3,0,0,N/A,3035,6380,0.476,904,2446,0.37,995,1258,0.791,7969,21
1610612741,Chicago,Bulls,2021,82,46,36,0.561,6,2,1,4,N/A,3422,7127,0.48,872,2364,0.369,1436,1766,0.813,9152,13
1610612742,Dallas,Mavericks,2000,82,53,29,0.646,4,2,4,6,N/A,3085,6716,0.459,517,1357,0.381,1552,1954,0.794,8239,4
1610612742,Dallas,Mavericks,2001,82,57,25,0.695,4,2,4,4,N/A,3200,6930,0.462,621,1645,0.378,1608,1994,0.806,8629,1
1610612742,Dallas,Mavericks,2002,82,60,22,0.732,3,2,10,10,N/A,3161,6982,0.453,636,1668,0.381,1486,1793,0.829,8444,1
1610612742,Dallas,Mavericks,2003,82,52,30,0.634,5,3,1,4,N/A,3322,7230,0.459,507,1456,0.348,1475,1854,0.796,8626,1
1610612742,Dallas,Mavericks,2004,82,58,24,0.707,3,2,6,7,N/A,3058,6691,0.457,463,1273,0.364,1826,2314,0.789,8405,3
1610612742,Dallas,Mavericks,2005,82,60,22,0.732,2,2,14,9,FINALS APPEARANCE,2948,6375,0.462,416,1113,0.374,1818,2322,0.783,8130,9
1610612742,Dallas,Mavericks,2006,82,67,15,0.817,1,1,2,4,N/A,3010,6442,0.467,535,1404,0.381,1646,2045,0.805,8201,9
1610612742,Dallas,Mavericks,2007,82,51,31,0.622,7,4,1,4,N/A,3025,6515,0.464,494,1403,0.352,1690,2075,0.814,8234,12
1610612742,Dallas,Mavericks,2008,82,50,32,0.61,6,3,5,5,N/A,3128,6770,0.462,571,1632,0.35,1516,1852,0.819,8343,9
1610612742,Dallas,Mavericks,2009,82,55,27,0.671,2,1,2,4,N/A,3140,6760,0.464,558,1498,0.372,1526,1870,0.816,8364,11
1610612742,Dallas,Mavericks,2010,82,57,25,0.695,3,2,16,5,LEAGUE CHAMPION,3069,6463,0.475,645,1768,0.365,1437,1850,0.777,8220,11
1610612742,Dallas,Mavericks,2011,66,36,30,0.545,7,3,0,4,N/A,2398,5412,0.443,497,1464,0.339,1029,1334,0.771,6322,19
1610612742,Dallas,Mavericks,2012,82,41,41,0.5,10,4,0,0,N/A,3182,6892,0.462,606,1628,0.372,1323,1669,0.793,8293,8
1610612742,Dallas,Mavericks,2013,82,49,33,0.598,8,4,3,4,N/A,3249,6858,0.474,721,1877,0.384,1378,1733,0.795,8597,8
1610612742,Dallas,Mavericks,2014,82,50,32,0.61,7,4,1,4,N/A,3255,7036,0.463,732,2082,0.352,1386,1843,0.752,8628,3
1610612742,Dallas,Mavericks,2015,82,42,40,0.512,6,2,1,4,N/A,3064,6900,0.444,806,2342,0.344,1454,1831,0.794,8388,16
1610612742,Dallas,Mavericks,2016,82,33,49,0.402,11,5,0,0,N/A,2968,6750,0.44,878,2473,0.355,1215,1516,0.801,8029,30
1610612742,Dallas,Mavericks,2017,82,24,58,0.293,13,4,0,0,N/A,3128,7042,0.444,967,2688,0.36,1167,1530,0.763,8390,28
1610612742,Dallas,Mavericks,2018,82,33,49,0.402,14,5,0,0,N/A,3182,7122,0.447,1022,3002,0.34,1541,2076,0.742,8927,21
1610612742,Dallas,Mavericks,2019,75,43,32,0.573,7,2,2,4,N/A,3124,6772,0.461,1136,3095,0.367,1392,1787,0.779,8776,1
1610612742,Dallas,Mavericks,2020,72,42,30,0.583,5,1,3,4,N/A,2958,6287,0.47,994,2744,0.362,1186,1524,0.778,8096,17
1610612742,Dallas,Mavericks,2021,82,52,30,0.634,4,2,9,9,N/A,3222,6982,0.461,1073,3063,0.35,1341,1739,0.771,8858,24
1610612743,Denver,Nuggets,2000,82,40,42,0.488,11,6,0,0,N/A,2979,6877,0.433,512,1444,0.355,1448,1964,0.737,7918,11
1610612743,Denver,Nuggets,2001,82,27,55,0.329,12,6,0,0,N/A,2915,6870,0.424,423,1285,0.329,1306,1756,0.744,7559,23
1610612743,Denver,Nuggets,2002,82,17,65,0.207,14,7,0,0,N/A,2689,6544,0.411,229,824,0.278,1294,1850,0.699,6901,29
1610612743,Denver,Nuggets,2003,82,43,39,0.524,8,6,1,4,N/A,2993,6763,0.443,331,985,0.336,1655,2159,0.767,7972,5
1610612743,Denver,Nuggets,2004,82,49,33,0.598,7,2,1,4,N/A,3038,6615,0.459,320,940,0.34,1765,2313,0.763,8161,8
1610612743,Denver,Nuggets,2005,82,44,38,0.537,4,1,1,4,N/A,3078,6672,0.461,350,1076,0.325,1721,2312,0.744,8227,5
1610612743,Denver,Nuggets,2006,82,45,37,0.549,6,2,1,4,N/A,3164,6805,0.465,484,1440,0.336,1827,2449,0.746,8639,3
1610612743,Denver,Nuggets,2007,82,50,32,0.61,8,2,0,4,N/A,3307,7038,0.47,569,1605,0.355,1891,2519,0.751,9074,2
1610612743,Denver,Nuggets,2008,82,54,28,0.659,2,1,10,6,N/A,3058,6510,0.47,548,1477,0.371,1891,2487,0.76,8555,6
1610612743,Denver,Nuggets,2009,82,53,29,0.646,4,1,2,4,N/A,3124,6678,0.468,544,1517,0.359,1937,2508,0.772,8729,3
1610612743,Denver,Nuggets,2010,82,50,32,0.61,5,2,1,4,N/A,3145,6613,0.476,662,1704,0.388,1859,2429,0.765,8811,1
1610612743,Denver,Nuggets,2011,66,38,28,0.576,6,2,3,4,N/A,2572,5404,0.476,435,1311,0.332,1293,1760,0.735,6872,1
1610612743,Denver,Nuggets,2012,82,57,25,0.695,3,2,2,4,N/A,3339,6983,0.478,521,1518,0.343,1505,2148,0.701,8704,1
1610612743,Denver,Nuggets,2013,82,36,46,0.439,11,4,0,0,N/A,3147,7042,0.447,702,1959,0.358,1563,2154,0.726,8559,9
1610612743,Denver,Nuggets,2014,82,30,52,0.366,12,4,0,0,N/A,3099,7158,0.433,660,2032,0.325,1462,1991,0.734,8320,12
1610612743,Denver,Nuggets,2015,82,33,49,0.402,11,4,0,0,N/A,3093,7003,0.442,656,1943,0.338,1513,1974,0.766,8355,20
1610612743,Denver,Nuggets,2016,82,40,42,0.488,9,4,0,0,N/A,3377,7194,0.469,870,2365,0.368,1537,1986,0.774,9161,3
1610612743,Denver,Nuggets,2017,82,46,36,0.561,9,5,0,0,N/A,3338,7102,0.47,940,2536,0.371,1404,1830,0.767,9020,6
1610612743,Denver,Nuggets,2018,82,54,28,0.659,2,1,7,7,N/A,3439,7384,0.466,903,2571,0.351,1294,1714,0.755,9075,20
1610612743,Denver,Nuggets,2019,73,46,27,0.63,3,1,9,10,N/A,3069,6488,0.473,801,2234,0.359,1185,1526,0.777,8124,12
1610612743,Denver,Nuggets,2020,72,47,25,0.653,3,2,4,6,N/A,3114,6422,0.485,927,2462,0.377,1129,1406,0.803,8284,8
1610612743,Denver,Nuggets,2021,82,48,34,0.585,6,2,1,4,N/A,3416,7079,0.483,1039,2944,0.353,1372,1725,0.795,9243,10
1610612744,Golden State,Warriors,2000,82,17,65,0.207,14,7,0,0,N/A,2937,7175,0.409,282,964,0.293,1428,2024,0.706,7584,20
1610612744,Golden State,Warriors,2001,82,21,61,0.256,14,7,0,0,N/A,2998,6989,0.429,320,994,0.322,1693,2344,0.722,8009,7
1610612744,Golden State,Warriors,2002,82,38,44,0.463,11,6,0,0,N/A,3061,6941,0.441,425,1235,0.344,1853,2382,0.778,8400,2
1610612744,Golden State,Warriors,2003,82,37,45,0.451,11,4,0,0,N/A,2875,6511,0.442,429,1283,0.334,1470,2028,0.725,7649,13
1610612744,Golden State,Warriors,2004,82,34,48,0.415,12,5,0,0,N/A,3029,7039,0.43,624,1774,0.352,1412,1955,0.722,8094,13
1610612744,Golden State,Warriors,2005,82,34,48,0.415,13,5,0,0,N/A,2939,6785,0.433,625,1832,0.341,1573,2190,0.718,8076,11
1610612744,Golden State,Warriors,2006,82,42,40,0.512,8,2,5,6,N/A,3261,7048,0.463,700,1967,0.356,1515,2113,0.717,8737,2
1610612744,Golden State,Warriors,2007,82,48,34,0.585,9,3,0,0,N/A,3403,7406,0.459,761,2185,0.348,1538,2044,0.752,9105,1
1610612744,Golden State,Warriors,2008,82,29,53,0.354,10,3,0,0,N/A,3231,7055,0.458,550,1475,0.373,1893,2392,0.791,8905,2
1610612744,Golden State,Warriors,2009,82,26,56,0.317,13,4,0,0,N/A,3329,7094,0.469,633,1687,0.375,1631,2085,0.782,8922,2
1610612744,Golden State,Warriors,2010,82,36,46,0.439,12,3,0,0,N/A,3251,7047,0.461,685,1749,0.392,1290,1695,0.761,8477,7
1610612744,Golden State,Warriors,2011,66,23,43,0.348,13,4,0,0,N/A,2489,5443,0.457,524,1351,0.388,951,1235,0.77,6453,12
1610612744,Golden State,Warriors,2012,82,47,35,0.573,6,2,6,6,N/A,3130,6840,0.458,658,1632,0.403,1378,1744,0.79,8296,7
1610612744,Golden State,Warriors,2013,82,51,31,0.622,6,2,3,4,N/A,3236,7005,0.462,774,2037,0.38,1303,1731,0.753,8549,10
1610612744,Golden State,Warriors,2014,82,67,15,0.817,1,1,16,5,LEAGUE CHAMPION,3410,7137,0.478,883,2217,0.398,1313,1709,0.768,9016,1
1610612744,Golden State,Warriors,2015,82,73,9,0.89,1,1,15,9,FINALS APPEARANCE,3489,7159,0.487,1077,2592,0.416,1366,1790,0.763,9421,1
1610612744,Golden State,Warriors,2016,82,67,15,0.817,1,1,16,1,LEAGUE CHAMPION,3532,7140,0.495,982,2562,0.383,1457,1850,0.788,9503,1
1610612744,Golden State,Warriors,2017,82,58,24,0.707,2,1,16,5,LEAGUE CHAMPION,3509,6979,0.503,926,2369,0.391,1360,1668,0.815,9304,1
1610612744,Golden State,Warriors,2018,82,57,25,0.695,1,1,14,8,FINALS APPEARANCE,3612,7361,0.491,1087,2824,0.385,1339,1672,0.801,9650,2
1610612744,Golden State,Warriors,2019,65,15,50,0.231,15,5,0,0,N/A,2510,5730,0.438,678,2032,0.334,1214,1511,0.803,6912,29
1610612744,Golden State,Warriors,2020,72,39,33,0.542,9,4,0,0,N/A,2973,6347,0.468,1048,2789,0.376,1193,1520,0.785,8187,12
1610612744,Golden State,Warriors,2021,82,53,29,0.646,3,2,16,6,LEAGUE CHAMPION,3323,7087,0.469,1176,3231,0.364,1280,1665,0.769,9102,15
1610612745,Houston,Rockets,2000,82,45,37,0.549,9,5,0,0,N/A,2943,6494,0.453,504,1412,0.357,1582,2086,0.758,7972,9
1610612745,Houston,Rockets,2001,82,28,54,0.341,11,5,0,0,N/A,2837,6629,0.428,496,1480,0.335,1402,1893,0.741,7572,22
1610612745,Houston,Rockets,2002,82,43,39,0.524,9,5,0,0,N/A,2840,6461,0.44,439,1267,0.346,1569,2044,0.768,7688,21
1610612745,Houston,Rockets,2003,82,45,37,0.549,7,5,1,4,N/A,2738,6195,0.442,515,1406,0.366,1371,1774,0.773,7362,25
1610612745,Houston,Rockets,2004,82,51,31,0.622,5,3,3,4,N/A,2846,6419,0.443,553,1521,0.364,1551,1986,0.781,7796,20
1610612745,Houston,Rockets,2005,82,34,48,0.415,12,5,0,0,N/A,2708,6252,0.433,469,1414,0.332,1502,1980,0.759,7387,29
1610612745,Houston,Rockets,2006,82,52,30,0.634,5,3,3,4,N/A,2906,6528,0.445,705,1893,0.372,1436,1906,0.753,7953,17
1610612745,Houston,Rockets,2007,82,55,27,0.671,5,3,2,4,N/A,3003,6698,0.448,583,1707,0.342,1342,1848,0.726,7931,22
1610612745,Houston,Rockets,2008,82,53,29,0.646,5,2,7,6,N/A,2959,6526,0.453,621,1656,0.375,1531,1903,0.805,8070,17
1610612745,Houston,Rockets,2009,82,42,40,0.512,9,3,0,0,N/A,3094,6923,0.447,646,1838,0.351,1561,2022,0.772,8395,8
1610612745,Houston,Rockets,2010,82,43,39,0.524,9,5,0,0,N/A,3170,6975,0.454,677,1843,0.367,1668,2083,0.801,8685,3
1610612745,Houston,Rockets,2011,66,34,32,0.515,9,4,0,0,N/A,2489,5543,0.449,478,1330,0.359,1018,1301,0.782,6474,9
1610612745,Houston,Rockets,2012,82,45,37,0.549,8,3,2,4,N/A,3124,6782,0.461,867,2369,0.366,1573,2087,0.754,8688,2
1610612745,Houston,Rockets,2013,82,54,28,0.659,4,2,2,4,N/A,3118,6603,0.472,779,2179,0.358,1814,2549,0.712,8829,2
1610612745,Houston,Rockets,2014,82,56,26,0.683,2,1,9,8,N/A,3032,6832,0.444,933,2680,0.348,1525,2133,0.715,8522,6
1610612745,Houston,Rockets,2015,82,41,41,0.5,8,4,1,4,N/A,3094,6847,0.452,878,2533,0.347,1671,2407,0.694,8737,4
1610612745,Houston,Rockets,2016,82,55,27,0.671,3,2,6,5,N/A,3305,7152,0.462,1181,3306,0.357,1667,2177,0.766,9458,2
1610612745,Houston,Rockets,2017,82,65,17,0.793,1,1,11,6,N/A,3174,6906,0.46,1256,3470,0.362,1609,2061,0.781,9213,2
1610612745,Houston,Rockets,2018,82,53,29,0.646,4,1,6,5,N/A,3218,7163,0.449,1323,3721,0.356,1582,2001,0.791,9341,11
1610612745,Houston,Rockets,2019,72,44,28,0.611,4,1,5,7,N/A,2936,6512,0.451,1126,3261,0.345,1484,1876,0.791,8482,4
1610612745,Houston,Rockets,2020,72,17,55,0.236,15,5,0,0,N/A,2826,6372,0.444,992,2923,0.339,1189,1606,0.74,7833,24
1610612745,Houston,Rockets,2021,82,20,62,0.244,15,5,0,0,N/A,3229,7083,0.456,1105,3170,0.349,1434,2010,0.713,8997,19
1610612746,Los Angeles,Clippers,2000,82,31,51,0.378,12,6,0,0,N/A,2896,6467,0.448,360,1063,0.339,1429,2061,0.693,7581,21
1610612746,Los Angeles,Clippers,2001,82,39,43,0.476,9,5,0,0,N/A,2970,6668,0.445,408,1147,0.356,1498,2026,0.739,7846,15
1610612746,Los Angeles,Clippers,2002,82,27,55,0.329,13,7,0,0,N/A,2835,6490,0.437,390,1178,0.331,1633,2177,0.75,7693,20
1610612746,Los Angeles,Clippers,2003,82,28,54,0.341,14,7,0,0,N/A,2817,6579,0.428,329,1024,0.321,1808,2302,0.785,7771,9
1610612746,Los Angeles,Clippers,2004,82,37,45,0.451,10,3,0,0,N/A,2924,6368,0.459,231,669,0.345,1770,2274,0.778,7849,19
1610612746,Los Angeles,Clippers,2005,82,47,35,0.573,6,2,7,5,N/A,2993,6443,0.465,290,843,0.344,1694,2142,0.791,7970,17
1610612746,Los Angeles,Clippers,2006,82,40,42,0.488,9,4,0,0,N/A,2880,6318,0.456,314,903,0.348,1769,2245,0.788,7843,23
1610612746,Los Angeles,Clippers,2007,82,23,59,0.28,12,5,0,0,N/A,2820,6445,0.438,350,1079,0.324,1702,2178,0.781,7692,29
1610612746,Los Angeles,Clippers,2008,82,19,63,0.232,14,4,0,0,N/A,2955,6696,0.441,535,1513,0.354,1354,1839,0.736,7799,27
1610612746,Los Angeles,Clippers,2009,82,29,53,0.354,12,3,0,0,N/A,3002,6601,0.455,483,1457,0.332,1362,1867,0.73,7849,27
1610612746,Los Angeles,Clippers,2010,82,32,50,0.39,13,4,0,0,N/A,3015,6594,0.457,513,1519,0.338,1546,2187,0.707,8089,19
1610612746,Los Angeles,Clippers,2011,66,40,26,0.606,5,2,4,7,N/A,2439,5366,0.455,514,1441,0.357,1046,1538,0.68,6438,14
1610612746,Los Angeles,Clippers,2012,82,56,26,0.683,4,1,2,4,N/A,3160,6608,0.478,627,1752,0.358,1342,1888,0.711,8289,9
1610612746,Los Angeles,Clippers,2013,82,57,25,0.695,3,1,6,7,N/A,3208,6761,0.474,693,1966,0.352,1741,2384,0.73,8850,1
1610612746,Los Angeles,Clippers,2014,82,56,26,0.683,3,2,7,7,N/A,3228,6830,0.473,827,2202,0.376,1468,2067,0.71,8751,2
1610612746,LA,Clippers,2015,82,53,29,0.646,4,2,2,4,N/A,3141,6759,0.465,797,2190,0.364,1490,2152,0.692,8569,7
1610612746,LA,Clippers,2016,82,51,31,0.622,4,2,3,4,N/A,3242,6820,0.475,841,2245,0.375,1586,2128,0.745,8911,6
1610612746,LA,Clippers,2017,82,42,40,0.512,10,2,0,0,N/A,3302,7004,0.471,777,2196,0.354,1556,2095,0.743,8937,9
1610612746,LA,Clippers,2018,82,48,34,0.585,8,2,2,4,N/A,3384,7178,0.471,821,2118,0.388,1853,2340,0.792,9442,5
1610612746,LA,Clippers,2019,72,49,23,0.681,2,2,7,6,N/A,2992,6425,0.466,895,2410,0.371,1498,1894,0.791,8377,5
1610612746,LA,Clippers,2020,72,47,25,0.653,4,2,10,9,N/A,3009,6242,0.482,1027,2498,0.411,1164,1387,0.839,8209,10
1610612746,LA,Clippers,2021,82,42,40,0.512,9,3,0,0,N/A,3285,7170,0.458,1047,2802,0.374,1273,1606,0.793,8890,23
1610612747,Los Angeles,Lakers,2000,82,56,26,0.683,2,1,15,1,LEAGUE CHAMPION,3109,6685,0.465,439,1275,0.344,1594,2333,0.683,8251,3
1610612747,Los Angeles,Lakers,2001,82,58,24,0.707,3,2,15,4,LEAGUE CHAMPION,3150,6840,0.461,510,1439,0.354,1494,2138,0.699,8304,3
1610612747,Los Angeles,Lakers,2002,82,50,32,0.61,5,2,6,6,N/A,3091,6856,0.451,486,1367,0.356,1562,2129,0.734,8230,4
1610612747,Los Angeles,Lakers,2003,82,56,26,0.683,2,1,13,9,FINALS APPEARANCE,3028,6676,0.454,365,1115,0.327,1631,2352,0.693,8052,3
1610612747,Los Angeles,Lakers,2004,82,34,48,0.415,11,4,0,0,N/A,2895,6629,0.437,644,1813,0.355,1661,2137,0.777,8095,12
1610612747,Los Angeles,Lakers,2005,82,45,37,0.549,7,3,3,4,N/A,2992,6607,0.453,552,1583,0.349,1618,2172,0.745,8154,7
1610612747,Los Angeles,Lakers,2006,82,42,40,0.512,7,3,1,4,N/A,3103,6664,0.466,608,1724,0.353,1660,2221,0.747,8474,5
1610612747,Los Angeles,Lakers,2007,82,57,25,0.695,1,1,14,7,FINALS APPEARANCE,3248,6818,0.476,662,1751,0.378,1746,2270,0.769,8904,4
1610612747,Los Angeles,Lakers,2008,82,65,17,0.793,1,1,16,7,LEAGUE CHAMPION,3307,6981,0.474,547,1516,0.361,1607,2087,0.77,8768,3
1610612747,Los Angeles,Lakers,2009,82,57,25,0.695,1,1,16,7,LEAGUE CHAMPION,3144,6875,0.457,532,1562,0.341,1519,1985,0.765,8339,12
1610612747,Los Angeles,Lakers,2010,82,57,25,0.695,2,1,4,6,N/A,3128,6757,0.463,524,1487,0.352,1541,1979,0.779,8321,9
1610612747,Los Angeles,Lakers,2011,66,41,25,0.621,3,1,5,7,N/A,2429,5319,0.457,362,1112,0.326,1202,1589,0.756,6422,15
1610612747,Los Angeles,Lakers,2012,82,45,37,0.549,7,3,0,4,N/A,3041,6640,0.458,715,2015,0.355,1584,2289,0.692,8381,6
1610612747,Los Angeles,Lakers,2013,82,27,55,0.329,14,5,0,0,N/A,3139,6980,0.45,774,2032,0.381,1390,1835,0.757,8442,11
1610612747,Los Angeles,Lakers,2014,82,21,61,0.256,14,5,0,0,N/A,3054,7020,0.435,532,1546,0.344,1433,1935,0.741,8073,19
1610612747,Los Angeles,Lakers,2015,82,17,65,0.207,15,5,0,0,N/A,2880,6956,0.414,639,2016,0.317,1583,2028,0.781,7982,30
1610612747,Los Angeles,Lakers,2016,82,26,56,0.317,14,4,0,0,N/A,3224,7164,0.45,730,2110,0.346,1397,1853,0.754,8575,17
1610612747,Los Angeles,Lakers,2017,82,35,47,0.427,11,3,0,0,N/A,3338,7248,0.461,822,2384,0.345,1364,1910,0.714,8862,11
1610612747,Los Angeles,Lakers,2018,82,37,45,0.451,10,4,0,0,N/A,3491,7425,0.47,847,2541,0.333,1336,1910,0.699,9165,16
1610612747,Los Angeles,Lakers,2019,71,52,19,0.732,1,1,16,5,LEAGUE CHAMPION,3006,6269,0.48,782,2242,0.349,1260,1728,0.729,8054,16
1610612747,Los Angeles,Lakers,2020,72,42,30,0.583,7,3,2,4,N/A,2925,6197,0.472,796,2248,0.354,1241,1679,0.739,7887,22
1610612747,Los Angeles,Lakers,2021,82,33,49,0.402,11,4,0,0,N/A,3415,7279,0.469,982,2826,0.347,1380,1884,0.732,9192,11
1610612748,Miami,Heat,2000,82,50,32,0.61,3,2,0,3,N/A,2694,6258,0.43,478,1384,0.345,1423,1874,0.759,7289,27
1610612748,Miami,Heat,2001,82,36,46,0.439,11,6,0,0,N/A,2801,6382,0.439,312,899,0.347,1236,1708,0.724,7150,29
1610612748,Miami,Heat,2002,82,25,57,0.305,13,7,0,0,N/A,2688,6517,0.412,348,1100,0.316,1292,1689,0.765,7016,28
1610612748,Miami,Heat,2003,82,42,40,0.512,4,2,6,7,N/A,2729,6417,0.425,485,1357,0.357,1459,1915,0.762,7402,22
1610612748,Miami,Heat,2004,82,59,23,0.72,1,1,11,4,N/A,3097,6368,0.486,475,1260,0.377,1658,2466,0.672,8327,4
1610612748,Miami,Heat,2005,82,52,30,0.634,2,1,16,7,LEAGUE CHAMPION,3039,6355,0.478,497,1441,0.345,1616,2310,0.7,8191,6
1610612748,Miami,Heat,2006,82,44,38,0.537,4,1,0,4,N/A,2919,6288,0.464,528,1539,0.343,1393,2019,0.69,7759,28
1610612748,Miami,Heat,2007,82,15,67,0.183,15,5,0,0,N/A,2808,6336,0.443,491,1373,0.358,1384,1903,0.727,7491,30
1610612748,Miami,Heat,2008,82,43,39,0.524,5,3,3,4,N/A,3034,6646,0.457,582,1631,0.357,1411,1871,0.754,8061,18
1610612748,Miami,Heat,2009,82,47,35,0.573,5,3,1,4,N/A,2984,6518,0.458,494,1426,0.346,1452,1931,0.752,7914,25
1610612748,Miami,Heat,2010,82,58,24,0.707,2,1,14,7,FINALS APPEARANCE,3031,6301,0.481,547,1479,0.37,1760,2288,0.769,8369,8
1610612748,Miami,Heat,2011,66,46,20,0.697,2,1,16,7,LEAGUE CHAMPION,2446,5212,0.469,370,1030,0.359,1238,1598,0.775,6500,7
1610612748,Miami,Heat,2012,82,66,16,0.805,1,1,16,7,LEAGUE CHAMPION,3148,6348,0.496,717,1809,0.396,1423,1887,0.754,8436,5
1610612748,Miami,Heat,2013,82,54,28,0.659,2,1,13,7,FINALS APPEARANCE,3142,6272,0.501,665,1829,0.364,1431,1884,0.76,8380,12
1610612748,Miami,Heat,2014,82,37,45,0.451,10,3,0,0,N/A,2885,6330,0.456,556,1659,0.335,1438,1940,0.741,7764,27
1610612748,Miami,Heat,2015,82,48,34,0.585,3,1,7,7,N/A,3150,6697,0.47,498,1480,0.336,1406,1889,0.744,8204,23
1610612748,Miami,Heat,2016,82,41,41,0.5,9,3,0,0,N/A,3202,7037,0.455,808,2213,0.365,1248,1768,0.706,8460,21
1610612748,Miami,Heat,2017,82,44,38,0.537,6,1,1,4,N/A,3184,6997,0.455,903,2506,0.36,1209,1601,0.755,8480,23
1610612748,Miami,Heat,2018,82,39,43,0.476,10,3,0,0,N/A,3251,7218,0.45,928,2658,0.349,1238,1782,0.695,8668,26
1610612748,Miami,Heat,2019,73,44,29,0.603,5,1,14,7,FINALS APPEARANCE,2880,6160,0.468,979,2584,0.379,1440,1840,0.783,8179,11
1610612748,Miami,Heat,2020,72,40,32,0.556,6,2,0,4,N/A,2824,6029,0.468,932,2606,0.358,1201,1520,0.79,7781,25
1610612748,Miami,Heat,2021,82,53,29,0.646,1,1,11,7,N/A,3246,6954,0.467,1114,2936,0.379,1416,1753,0.808,9022,17
1610612749,Milwaukee,Bucks,2000,82,52,30,0.634,2,1,10,8,N/A,3112,6798,0.458,562,1481,0.379,1474,1874,0.787,8260,2
1610612749,Milwaukee,Bucks,2001,82,41,41,0.5,9,5,0,0,N/A,3041,6577,0.462,593,1583,0.375,1321,1767,0.748,7996,8
1610612749,Milwaukee,Bucks,2002,82,42,40,0.512,7,4,2,4,N/A,3045,6670,0.457,585,1526,0.383,1483,1911,0.776,8158,5
1610612749,Milwaukee,Bucks,2003,82,41,41,0.5,6,4,1,4,N/A,2970,6650,0.447,401,1145,0.35,1698,2192,0.775,8039,4
1610612749,Milwaukee,Bucks,2004,82,30,52,0.366,13,5,0,0,N/A,2964,6580,0.45,325,925,0.351,1720,2229,0.772,7973,15
1610612749,Milwaukee,Bucks,2005,82,40,42,0.481,8,5,1,4,N/A,2976,6566,0.453,507,1335,0.38,1561,2115,0.738,8020,13
1610612749,Milwaukee,Bucks,2006,82,28,54,0.341,14,5,0,0,N/A,3121,6714,0.465,524,1472,0.356,1406,1919,0.733,8172,10
1610612749,Milwaukee,Bucks,2007,82,26,56,0.317,13,5,0,0,N/A,3026,6745,0.449,452,1313,0.344,1452,1980,0.733,7956,20
1610612749,Milwaukee,Bucks,2008,82,34,48,0.415,12,5,0,0,N/A,3009,6755,0.445,511,1408,0.363,1613,2067,0.78,8142,15
1610612749,Milwaukee,Bucks,2009,82,46,36,0.561,6,2,3,4,N/A,3050,6998,0.436,645,1813,0.356,1264,1675,0.755,8009,23
1610612749,Milwaukee,Bucks,2010,82,35,47,0.427,9,3,0,0,N/A,2814,6544,0.43,483,1414,0.342,1423,1881,0.757,7534,30
1610612749,Milwaukee,Bucks,2011,66,31,35,0.47,9,3,0,0,N/A,2502,5652,0.443,436,1265,0.345,1095,1415,0.774,6535,5
1610612749,Milwaukee,Bucks,2012,82,38,44,0.463,8,3,0,4,N/A,3128,7197,0.435,601,1670,0.36,1251,1700,0.736,8108,12
1610612749,Milwaukee,Bucks,2013,82,15,67,0.183,15,5,0,0,N/A,2952,6737,0.438,548,1553,0.353,1377,1843,0.747,7829,28
1610612749,Milwaukee,Bucks,2014,82,41,41,0.5,6,3,2,4,N/A,3083,6722,0.459,545,1500,0.363,1312,1734,0.757,8023,22
1610612749,Milwaukee,Bucks,2015,82,33,49,0.402,12,5,0,0,N/A,3145,6740,0.467,440,1277,0.345,1392,1863,0.747,8122,25
1610612749,Milwaukee,Bucks,2016,82,42,40,0.512,6,2,2,4,N/A,3182,6715,0.474,720,1946,0.37,1413,1839,0.768,8497,20
1610612749,Milwaukee,Bucks,2017,82,44,38,0.537,7,3,3,4,N/A,3257,6807,0.478,718,2024,0.355,1499,1915,0.783,8731,15
1610612749,Milwaukee,Bucks,2018,82,60,22,0.732,1,1,10,5,N/A,3555,7471,0.476,1105,3134,0.353,1471,1904,0.773,9686,1
1610612749,Milwaukee,Bucks,2019,73,56,17,0.767,1,1,5,5,N/A,3160,6638,0.476,1007,2840,0.355,1336,1800,0.742,8663,2
1610612749,Milwaukee,Bucks,2020,72,46,26,0.639,3,1,16,7,LEAGUE CHAMPION,3221,6610,0.487,1038,2669,0.389,1169,1539,0.76,8649,1
1610612749,Milwaukee,Bucks,2021,82,51,31,0.622,3,1,7,5,N/A,3429,7331,0.468,1153,3151,0.366,1459,1881,0.776,9470,3
1610612750,Minnesota,Timberwolves,2000,82,47,35,0.573,8,4,1,3,N/A,3148,6871,0.458,322,901,0.357,1364,1737,0.785,7982,7
1610612750,Minnesota,Timberwolves,2001,82,50,32,0.61,5,3,0,3,N/A,3175,6887,0.461,396,1047,0.378,1399,1754,0.798,8145,5
1610612750,Minnesota,Timberwolves,2002,82,51,31,0.622,4,3,2,4,N/A,3172,6809,0.466,296,804,0.368,1406,1826,0.77,8046,7
1610612750,Minnesota,Timberwolves,2003,82,58,24,0.707,1,1,10,8,N/A,3033,6571,0.462,326,897,0.363,1361,1743,0.781,7753,10
1610612750,Minnesota,Timberwolves,2004,82,44,38,0.537,9,3,0,0,N/A,3045,6629,0.459,395,1145,0.345,1449,1820,0.796,7934,16
1610612750,Minnesota,Timberwolves,2005,82,33,49,0.402,14,4,0,0,N/A,2888,6340,0.456,310,942,0.329,1436,1895,0.758,7522,28
1610612750,Minnesota,Timberwolves,2006,82,32,50,0.39,13,3,0,0,N/A,2997,6503,0.461,384,1089,0.353,1499,1892,0.792,7877,20
1610612750,Minnesota,Timberwolves,2007,82,22,60,0.268,13,4,0,0,N/A,3076,6817,0.451,441,1259,0.35,1246,1693,0.736,7839,26
1610612750,Minnesota,Timberwolves,2008,82,24,58,0.293,11,4,0,0,N/A,2986,6766,0.441,543,1539,0.353,1504,1957,0.769,8019,21
1610612750,Minnesota,Timberwolves,2009,82,15,67,0.183,15,5,0,0,N/A,3106,6923,0.449,403,1181,0.341,1436,1926,0.746,8051,20
1610612750,Minnesota,Timberwolves,2010,82,17,65,0.207,15,5,0,0,N/A,3090,7014,0.441,589,1565,0.376,1519,1977,0.768,8288,10
1610612750,Minnesota,Timberwolves,2011,66,26,40,0.394,12,5,0,0,N/A,2355,5434,0.433,473,1423,0.332,1281,1662,0.771,6464,10
1610612750,Minnesota,Timberwolves,2012,82,31,51,0.378,12,5,0,0,N/A,2943,6702,0.439,450,1475,0.305,1515,2042,0.742,7851,19
1610612750,Minnesota,Timberwolves,2013,82,40,42,0.488,10,3,0,0,N/A,3189,7175,0.444,600,1757,0.341,1790,2301,0.778,8768,3
1610612750,Minnesota,Timberwolves,2014,82,16,66,0.195,15,5,0,0,N/A,2986,6820,0.438,406,1223,0.332,1638,2110,0.776,8016,23
1610612750,Minnesota,Timberwolves,2015,82,29,53,0.354,13,5,0,0,N/A,3095,6668,0.464,455,1347,0.338,1753,2213,0.792,8398,15
1610612750,Minnesota,Timberwolves,2016,82,31,51,0.378,13,5,0,0,N/A,3235,6922,0.467,601,1723,0.349,1586,1986,0.799,8657,13
1610612750,Minnesota,Timberwolves,2017,82,47,35,0.573,8,4,1,4,N/A,3365,7063,0.476,658,1845,0.357,1592,1980,0.804,8980,8
1610612750,Minnesota,Timberwolves,2018,82,36,46,0.439,11,5,0,0,N/A,3413,7483,0.456,827,2357,0.351,1570,1995,0.787,9223,13
1610612750,Minnesota,Timberwolves,2019,64,19,45,0.297,14,5,0,0,N/A,2586,5865,0.441,853,2540,0.336,1223,1624,0.753,7248,24
1610612750,Minnesota,Timberwolves,2020,72,23,49,0.319,13,4,0,0,N/A,2932,6546,0.448,944,2706,0.349,1265,1662,0.761,8073,18
1610612750,Minnesota,Timberwolves,2021,82,46,36,0.561,7,3,2,4,N/A,3411,7458,0.457,1211,3386,0.358,1474,1894,0.778,9507,1
1610612751,New Jersey,Nets,2000,82,26,56,0.317,12,6,0,0,N/A,2781,6550,0.425,361,1084,0.333,1629,2146,0.759,7552,23
1610612751,New Jersey,Nets,2001,82,52,30,0.634,1,1,11,9,FINALS APPEARANCE,3042,6816,0.446,403,1194,0.338,1402,1907,0.735,7889,13
1610612751,New Jersey,Nets,2002,82,49,33,0.598,2,1,14,6,FINALS APPEARANCE,2906,6585,0.441,346,1041,0.332,1662,2195,0.757,7820,14
1610612751,New Jersey,Nets,2003,82,47,35,0.573,2,1,7,4,N/A,2813,6372,0.441,377,1123,0.336,1398,1856,0.753,7401,23
1610612751,New Jersey,Nets,2004,82,42,40,0.512,8,3,0,4,N/A,2753,6419,0.429,435,1203,0.362,1555,2039,0.763,7496,29
1610612751,New Jersey,Nets,2005,82,49,33,0.598,4,1,5,6,N/A,2778,6317,0.44,477,1447,0.33,1658,2187,0.758,7691,24
1610612751,New Jersey,Nets,2006,82,41,41,0.5,6,2,6,6,N/A,2913,6379,0.457,609,1676,0.363,1566,2153,0.727,8001,15
1610612751,New Jersey,Nets,2007,82,34,48,0.415,10,4,0,0,N/A,2856,6450,0.443,498,1430,0.348,1647,2237,0.736,7857,25
1610612751,New Jersey,Nets,2008,82,34,48,0.415,11,3,0,0,N/A,2925,6536,0.448,652,1735,0.376,1542,1980,0.779,8044,20
1610612751,New Jersey,Nets,2009,82,12,70,0.146,15,5,0,0,N/A,2813,6554,0.429,377,1185,0.318,1572,2015,0.78,7575,30
1610612751,New Jersey,Nets,2010,82,24,58,0.293,12,4,0,0,N/A,2918,6638,0.44,459,1337,0.343,1427,1881,0.759,7722,28
1610612751,New Jersey,Nets,2011,66,22,44,0.333,12,5,0,0,N/A,2262,5320,0.425,507,1481,0.342,1113,1433,0.777,6144,24
1610612751,Brooklyn,Nets,2012,82,49,33,0.598,4,2,3,4,N/A,2942,6544,0.45,628,1760,0.357,1432,1958,0.731,7944,17
1610612751,Brooklyn,Nets,2013,82,44,38,0.537,6,2,5,7,N/A,2931,6391,0.459,709,1922,0.369,1508,2002,0.753,8079,21
1610612751,Brooklyn,Nets,2014,82,38,44,0.463,8,3,2,4,N/A,3069,6804,0.451,541,1633,0.331,1359,1817,0.748,8038,21
1610612751,Brooklyn,Nets,2015,82,21,61,0.256,14,4,0,0,N/A,3136,6920,0.453,531,1508,0.352,1286,1699,0.757,8089,26
1610612751,Brooklyn,Nets,2016,82,20,62,0.244,15,5,0,0,N/A,3102,6987,0.444,877,2591,0.338,1592,2020,0.788,8673,12
1610612751,Brooklyn,Nets,2017,82,28,54,0.341,12,5,0,0,N/A,3136,7114,0.441,1041,2924,0.356,1428,1850,0.772,8741,14
1610612751,Brooklyn,Nets,2018,82,42,40,0.512,6,4,1,4,N/A,3301,7358,0.449,1047,2965,0.353,1555,2088,0.745,9204,15
1610612751,Brooklyn,Nets,2019,72,35,37,0.486,7,4,0,4,N/A,2908,6498,0.448,941,2746,0.343,1291,1732,0.745,8048,17
1610612751,Brooklyn,Nets,2020,72,48,24,0.667,2,2,7,5,N/A,3106,6289,0.494,1020,2600,0.392,1305,1623,0.804,8537,2
1610612751,Brooklyn,Nets,2021,82,44,38,0.537,7,4,0,4,N/A,3442,7251,0.475,940,2602,0.361,1434,1781,0.805,9258,9
1610612752,New York,Knicks,2000,82,48,34,0.585,4,3,2,3,N/A,2755,6198,0.444,391,1115,0.351,1374,1727,0.796,7275,28
1610612752,New York,Knicks,2001,82,30,52,0.366,13,7,0,0,N/A,2817,6520,0.432,474,1344,0.353,1406,1786,0.787,7514,24
1610612752,New York,Knicks,2002,82,37,45,0.451,10,6,0,0,N/A,2967,6725,0.441,606,1582,0.383,1320,1620,0.815,7860,11
1610612752,New York,Knicks,2003,82,39,43,0.476,7,3,0,4,N/A,2881,6513,0.442,406,1115,0.364,1374,1732,0.793,7542,16
1610612752,New York,Knicks,2004,82,33,49,0.402,12,5,0,0,N/A,2978,6599,0.451,441,1240,0.356,1580,2060,0.767,7977,14
1610612752,New York,Knicks,2005,82,23,59,0.28,15,5,0,0,N/A,2822,6206,0.455,320,884,0.362,1878,2587,0.726,7842,20
1610612752,New York,Knicks,2006,82,33,49,0.402,12,4,0,0,N/A,2903,6356,0.457,474,1370,0.346,1714,2396,0.715,7994,16
1610612752,New York,Knicks,2007,82,23,59,0.28,14,5,0,0,N/A,2967,6757,0.439,490,1454,0.337,1524,2095,0.727,7948,21
1610612752,New York,Knicks,2008,82,32,50,0.39,14,5,0,0,N/A,3157,7091,0.445,823,2284,0.36,1490,1900,0.784,8627,4
1610612752,New York,Knicks,2009,82,29,53,0.354,11,3,0,0,N/A,3127,6876,0.455,743,2145,0.346,1376,1759,0.782,8373,9
1610612752,New York,Knicks,2010,82,42,40,0.512,6,2,0,4,N/A,3140,6867,0.457,765,2081,0.368,1689,2087,0.809,8734,2
1610612752,New York,Knicks,2011,66,36,30,0.545,7,2,1,4,N/A,2365,5335,0.443,517,1538,0.336,1211,1634,0.741,6458,11
1610612752,New York,Knicks,2012,82,54,28,0.659,2,1,6,6,N/A,2996,6689,0.448,891,2371,0.376,1313,1729,0.759,8196,11
1610612752,New York,Knicks,2013,82,37,45,0.451,9,3,0,0,N/A,3027,6739,0.449,759,2038,0.372,1271,1670,0.761,8084,20
1610612752,New York,Knicks,2014,82,17,65,0.207,15,5,0,0,N/A,2882,6726,0.428,560,1614,0.347,1211,1575,0.769,7535,30
1610612752,New York,Knicks,2015,82,32,50,0.39,13,3,0,0,N/A,3022,6886,0.439,610,1762,0.346,1411,1753,0.805,8065,27
1610612752,New York,Knicks,2016,82,31,51,0.378,12,3,0,0,N/A,3244,7256,0.447,704,2022,0.348,1364,1731,0.788,8556,18
1610612752,New York,Knicks,2017,82,29,53,0.354,11,4,0,0,N/A,3334,7193,0.464,673,1914,0.352,1225,1557,0.787,8566,18
1610612752,New York,Knicks,2018,82,17,65,0.207,15,5,0,0,N/A,3134,7241,0.433,823,2421,0.34,1484,1956,0.759,8575,28
1610612752,New York,Knicks,2019,66,21,45,0.318,12,5,0,0,N/A,2638,5896,0.447,631,1872,0.337,1076,1550,0.694,6983,26
1610612752,New York,Knicks,2020,72,41,31,0.569,4,3,1,4,N/A,2839,6225,0.456,847,2163,0.392,1181,1506,0.784,7706,26
1610612752,New York,Knicks,2021,82,37,45,0.451,11,5,0,0,N/A,3088,7069,0.437,1082,3029,0.357,1473,1980,0.744,8731,26
1610612753,Orlando,Magic,2000,82,43,39,0.524,7,4,1,3,N/A,3013,6873,0.438,490,1346,0.364,1476,2068,0.714,7992,6
1610612753,Orlando,Magic,2001,82,44,38,0.537,5,3,1,3,N/A,3087,6893,0.448,620,1660,0.373,1446,1917,0.754,8240,4
1610612753,Orlando,Magic,2002,82,42,40,0.512,8,4,3,4,N/A,2947,6763,0.436,568,1590,0.357,1616,2079,0.777,8078,6
1610612753,Orlando,Magic,2003,82,21,61,0.256,15,7,0,0,N/A,2904,6768,0.429,429,1248,0.344,1474,2000,0.737,7711,12
1610612753,Orlando,Magic,2004,82,36,46,0.439,10,3,0,0,N/A,3034,6679,0.454,320,916,0.349,1772,2335,0.759,8160,9
1610612753,Orlando,Magic,2005,82,36,46,0.439,10,3,0,0,N/A,2911,6167,0.472,299,796,0.376,1663,2277,0.73,7784,22
1610612753,Orlando,Magic,2006,82,40,42,0.488,8,3,0,4,N/A,2875,6090,0.472,342,962,0.356,1679,2393,0.702,7771,27
1610612753,Orlando,Magic,2007,82,52,30,0.634,3,1,5,5,N/A,3058,6446,0.474,801,2074,0.386,1650,2288,0.721,8567,6
1610612753,Orlando,Magic,2008,82,59,23,0.72,3,1,13,11,FINALS APPEARANCE,2929,6416,0.457,817,2147,0.381,1611,2253,0.715,8286,10
1610612753,Orlando,Magic,2009,82,59,23,0.72,2,1,10,4,N/A,3005,6394,0.47,841,2241,0.375,1575,2176,0.724,8426,6
1610612753,Orlando,Magic,2010,82,52,30,0.634,4,2,2,4,N/A,2956,6411,0.461,770,2103,0.366,1453,2101,0.692,8135,16
1610612753,Orlando,Magic,2011,66,37,29,0.561,6,3,1,4,N/A,2275,5162,0.441,670,1785,0.375,995,1508,0.66,6215,21
1610612753,Orlando,Magic,2012,82,20,62,0.244,15,5,0,0,N/A,3093,6904,0.448,506,1537,0.329,1026,1359,0.755,7718,23
1610612753,Orlando,Magic,2013,82,23,59,0.28,13,5,0,0,N/A,3022,6784,0.445,563,1596,0.353,1307,1714,0.763,7914,25
1610612753,Orlando,Magic,2014,82,25,57,0.305,13,5,0,0,N/A,3076,6792,0.453,554,1598,0.347,1141,1565,0.729,7847,25
1610612753,Orlando,Magic,2015,82,35,47,0.427,11,5,0,0,N/A,3242,7120,0.455,636,1818,0.35,1249,1649,0.757,8369,18
1610612753,Orlando,Magic,2016,82,29,53,0.354,13,5,0,0,N/A,3139,7133,0.44,701,2139,0.328,1309,1753,0.747,8288,27
1610612753,Orlando,Magic,2017,82,25,57,0.305,14,4,0,0,N/A,3182,7042,0.452,844,2405,0.351,1271,1678,0.757,8479,24
1610612753,Orlando,Magic,2018,82,42,40,0.512,7,1,1,4,N/A,3316,7307,0.454,937,2633,0.356,1231,1575,0.782,8800,24
1610612753,Orlando,Magic,2019,73,33,40,0.452,8,2,1,4,N/A,2871,6468,0.444,807,2354,0.343,1282,1656,0.774,7831,22
1610612753,Orlando,Magic,2020,72,21,51,0.292,14,5,0,0,N/A,2754,6423,0.429,784,2288,0.343,1196,1543,0.775,7488,29
1610612753,Orlando,Magic,2021,82,22,60,0.268,15,5,0,0,N/A,3139,7240,0.434,999,3022,0.331,1270,1614,0.787,8547,29
1610612754,Indiana,Pacers,2000,82,41,41,0.5,8,4,1,3,N/A,2828,6431,0.44,396,1159,0.342,1539,2009,0.766,7591,19
1610612754,Indiana,Pacers,2001,82,42,40,0.512,8,4,2,3,N/A,2935,6580,0.446,405,1195,0.339,1663,2155,0.772,7938,9
1610612754,Indiana,Pacers,2002,82,48,34,0.585,3,2,2,4,N/A,2911,6608,0.441,379,1119,0.339,1739,2271,0.766,7940,10
1610612754,Indiana,Pacers,2003,82,61,21,0.744,1,1,10,6,N/A,2753,6322,0.435,449,1281,0.351,1538,2014,0.764,7493,20
1610612754,Indiana,Pacers,2004,82,44,38,0.537,6,3,6,7,N/A,2668,6169,0.432,542,1575,0.344,1748,2206,0.792,7626,25
1610612754,Indiana,Pacers,2005,82,41,41,0.5,6,3,2,4,N/A,2786,6274,0.444,536,1536,0.349,1591,2158,0.737,7699,23
1610612754,Indiana,Pacers,2006,82,35,47,0.427,9,4,0,0,N/A,2872,6561,0.438,481,1389,0.346,1615,2125,0.76,7840,24
1610612754,Indiana,Pacers,2007,82,36,46,0.439,9,3,0,0,N/A,3102,6993,0.444,755,2021,0.374,1568,2042,0.768,8527,7
1610612754,Indiana,Pacers,2008,82,36,46,0.439,9,4,0,0,N/A,3220,7080,0.455,652,1725,0.378,1525,1890,0.807,8617,5
1610612754,Indiana,Pacers,2009,82,32,50,0.39,10,4,0,0,N/A,3020,6823,0.443,659,1896,0.348,1564,2019,0.775,8263,16
1610612754,Indiana,Pacers,2010,82,37,45,0.451,8,2,1,4,N/A,3003,6787,0.442,585,1653,0.354,1592,2035,0.782,8183,13
1610612754,Indiana,Pacers,2011,66,42,24,0.636,3,2,6,5,N/A,2354,5375,0.438,392,1064,0.368,1349,1724,0.782,6449,13
1610612754,Indiana,Pacers,2012,81,49,32,0.605,3,1,11,8,N/A,2845,6525,0.436,555,1599,0.347,1429,1915,0.746,7674,25
1610612754,Indiana,Pacers,2013,82,56,26,0.683,1,1,10,9,N/A,2949,6573,0.449,550,1542,0.357,1485,1907,0.779,7933,24
1610612754,Indiana,Pacers,2014,82,38,44,0.463,9,4,0,0,N/A,2998,6824,0.439,612,1740,0.352,1373,1817,0.756,7981,24
1610612754,Indiana,Pacers,2015,82,45,37,0.549,7,2,3,4,N/A,3142,6985,0.45,663,1889,0.351,1430,1872,0.764,8377,17
1610612754,Indiana,Pacers,2016,82,42,40,0.512,7,3,0,4,N/A,3221,6931,0.465,709,1885,0.376,1467,1811,0.81,8618,15
1610612754,Indiana,Pacers,2017,82,48,34,0.585,5,2,3,4,N/A,3345,7083,0.472,741,2010,0.369,1225,1573,0.779,8656,17
1610612754,Indiana,Pacers,2018,82,48,34,0.585,5,2,0,4,N/A,3390,7135,0.475,779,2081,0.374,1298,1727,0.752,8857,22
1610612754,Indiana,Pacers,2019,73,45,28,0.616,4,2,0,4,N/A,3075,6457,0.476,743,2046,0.363,1096,1393,0.787,7989,19
1610612754,Indiana,Pacers,2020,72,34,38,0.472,9,2,0,0,N/A,3115,6567,0.474,889,2445,0.364,1183,1493,0.792,8302,6
1610612754,Indiana,Pacers,2021,82,25,57,0.305,13,4,0,0,N/A,3398,7338,0.463,997,2899,0.344,1347,1754,0.768,9140,14
1610612755,Philadelphia,76ers,2000,82,56,26,0.683,1,1,12,11,FINALS APPEARANCE,2902,6487,0.447,262,803,0.326,1697,2277,0.745,7763,15
1610612755,Philadelphia,76ers,2001,82,43,39,0.524,6,4,2,3,N/A,2804,6436,0.436,214,715,0.299,1639,2104,0.779,7461,26
1610612755,Philadelphia,76ers,2002,82,48,34,0.585,4,2,6,6,N/A,2975,6640,0.448,245,787,0.311,1746,2253,0.775,7941,9
1610612755,Philadelphia,76ers,2003,82,33,49,0.402,11,5,0,0,N/A,2682,6260,0.428,339,992,0.342,1512,2009,0.753,7215,28
1610612755,Philadelphia,76ers,2004,82,43,39,0.524,7,2,1,4,N/A,2946,6736,0.437,505,1453,0.348,1731,2194,0.789,8128,10
1610612755,Philadelphia,76ers,2005,82,38,44,0.463,9,2,0,0,N/A,3001,6546,0.458,375,1031,0.364,1770,2330,0.76,8147,8
1610612755,Philadelphia,76ers,2006,82,35,47,0.427,10,3,0,0,N/A,2932,6408,0.458,284,823,0.345,1637,2135,0.767,7785,26
1610612755,Philadelphia,76ers,2007,82,40,42,0.488,7,3,2,4,N/A,3056,6648,0.46,302,952,0.317,1509,2137,0.706,7923,23
1610612755,Philadelphia,76ers,2008,82,41,41,0.5,6,2,2,4,N/A,2997,6532,0.459,341,1072,0.318,1652,2216,0.745,7987,22
1610612755,Philadelphia,76ers,2009,82,27,55,0.329,13,4,0,0,N/A,3087,6706,0.46,474,1381,0.343,1366,1808,0.756,8014,22
1610612755,Philadelphia,76ers,2010,82,41,41,0.5,7,3,1,4,N/A,3125,6776,0.461,443,1248,0.355,1426,1851,0.77,8119,18
1610612755,Philadelphia,76ers,2011,66,35,31,0.53,8,3,7,6,N/A,2471,5516,0.448,349,963,0.362,889,1198,0.742,6180,22
1610612755,Philadelphia,76ers,2012,82,34,48,0.415,9,4,0,0,N/A,3059,6895,0.444,518,1438,0.36,1004,1377,0.729,7640,30
1610612755,Philadelphia,76ers,2013,82,19,63,0.232,14,5,0,0,N/A,3108,7150,0.435,577,1847,0.312,1362,1918,0.71,8155,19
1610612755,Philadelphia,76ers,2014,82,18,64,0.22,14,4,0,0,N/A,2765,6777,0.408,692,2160,0.32,1320,1953,0.676,7542,29
1610612755,Philadelphia,76ers,2015,82,10,72,0.122,15,5,0,0,N/A,2970,6887,0.431,764,2255,0.339,1284,1850,0.694,7988,29
1610612755,Philadelphia,76ers,2016,82,28,54,0.341,14,4,0,0,N/A,3088,6992,0.442,831,2443,0.34,1393,1806,0.771,8400,25
1610612755,Philadelphia,76ers,2017,82,52,30,0.634,3,3,5,5,N/A,3349,7098,0.472,901,2445,0.369,1405,1868,0.752,9004,7
1610612755,Philadelphia,76ers,2018,82,51,31,0.622,3,2,7,5,N/A,3407,7233,0.471,889,2474,0.359,1742,2258,0.771,9445,4
1610612755,Philadelphia,76ers,2019,73,43,30,0.589,6,3,0,4,N/A,3000,6417,0.468,848,2307,0.368,1236,1638,0.755,8084,15
1610612755,Philadelphia,76ers,2020,72,49,23,0.681,1,1,7,5,N/A,2981,6257,0.476,811,2169,0.374,1409,1836,0.767,8182,14
1610612755,Philadelphia,76ers,2021,82,51,31,0.622,4,2,6,6,N/A,3230,6932,0.466,950,2608,0.364,1605,1955,0.821,9015,18
1610612756,Phoenix,Suns,2000,82,51,31,0.622,6,3,1,3,N/A,2944,6757,0.436,332,1054,0.315,1490,1973,0.755,7710,17
1610612756,Phoenix,Suns,2001,82,36,46,0.439,10,6,0,0,N/A,3097,6934,0.447,358,1096,0.327,1250,1630,0.767,7802,17
1610612756,Phoenix,Suns,2002,82,44,38,0.537,8,4,2,4,N/A,3005,6776,0.443,394,1149,0.343,1430,1928,0.742,7834,13
1610612756,Phoenix,Suns,2003,82,29,53,0.354,13,6,0,0,N/A,2958,6671,0.443,415,1202,0.345,1392,1865,0.746,7723,11
1610612756,Phoenix,Suns,2004,82,62,20,0.756,1,1,9,6,N/A,3351,7018,0.477,796,2026,0.393,1556,2080,0.748,9054,1
1610612756,Phoenix,Suns,2005,82,54,28,0.659,3,1,10,10,N/A,3430,7167,0.479,837,2097,0.399,1189,1475,0.806,8886,1
1610612756,Phoenix,Suns,2006,82,61,21,0.744,2,1,6,5,N/A,3388,6855,0.494,785,1965,0.399,1476,1827,0.808,9037,1
1610612756,Phoenix,Suns,2007,82,55,27,0.671,6,2,1,4,N/A,3392,6782,0.5,694,1764,0.393,1548,1977,0.783,9026,3
1610612756,Phoenix,Suns,2008,82,46,36,0.561,9,2,0,0,N/A,3373,6695,0.504,553,1445,0.383,1675,2251,0.744,8974,1
1610612756,Phoenix,Suns,2009,82,54,28,0.659,3,2,10,6,N/A,3339,6788,0.492,730,1770,0.412,1631,2117,0.77,9039,1
1610612756,Phoenix,Suns,2010,82,40,42,0.488,10,2,0,0,N/A,3219,6844,0.47,701,1857,0.377,1472,1939,0.759,8611,4
1610612756,Phoenix,Suns,2011,66,33,33,0.5,10,3,0,0,N/A,2495,5445,0.458,444,1295,0.343,1058,1397,0.757,6492,8
1610612756,Phoenix,Suns,2012,82,25,57,0.305,15,5,0,0,N/A,3061,6917,0.443,480,1455,0.33,1203,1618,0.744,7805,21
1610612756,Phoenix,Suns,2013,82,48,34,0.585,9,3,0,0,N/A,3172,6845,0.463,765,2055,0.372,1520,2004,0.758,8629,7
1610612756,Phoenix,Suns,2014,82,39,43,0.476,10,3,0,0,N/A,3178,7038,0.452,698,2048,0.341,1343,1767,0.76,8397,11
1610612756,Phoenix,Suns,2015,82,23,59,0.28,14,4,0,0,N/A,3051,7018,0.435,738,2118,0.348,1431,1905,0.751,8271,22
1610612756,Phoenix,Suns,2016,82,24,58,0.293,15,5,0,0,N/A,3270,7260,0.45,615,1854,0.332,1676,2159,0.776,8831,9
1610612756,Phoenix,Suns,2017,82,21,61,0.256,15,5,0,0,N/A,3153,7141,0.442,763,2286,0.334,1453,1962,0.741,8522,21
1610612756,Phoenix,Suns,2018,82,19,63,0.232,15,5,0,0,N/A,3289,7164,0.459,790,2400,0.329,1447,1858,0.779,8815,23
1610612756,Phoenix,Suns,2019,73,34,39,0.466,10,3,0,0,N/A,3006,6429,0.468,831,2320,0.358,1451,1740,0.834,8294,7
1610612756,Phoenix,Suns,2020,72,51,21,0.708,2,1,14,8,FINALS APPEARANCE,3118,6357,0.49,940,2490,0.378,1124,1347,0.834,8300,7
1610612756,Phoenix,Suns,2021,82,64,18,0.78,1,1,7,6,N/A,3581,7389,0.485,951,2616,0.364,1303,1635,0.797,9416,5
1610612757,Portland,Trail Blazers,2000,82,50,32,0.61,7,4,0,3,N/A,3004,6417,0.468,369,1057,0.349,1447,1899,0.762,7824,14
1610612757,Portland,Trail Blazers,2001,82,49,33,0.598,6,3,0,3,N/A,3004,6671,0.45,466,1318,0.354,1451,1901,0.763,7925,11
1610612757,Portland,Trail Blazers,2002,82,50,32,0.61,6,3,3,4,N/A,2987,6491,0.46,379,1150,0.33,1450,1947,0.745,7803,15
1610612757,Portland,Trail Blazers,2003,82,41,41,0.5,10,3,0,0,N/A,2898,6467,0.448,381,1102,0.346,1263,1728,0.731,7440,21
1610612757,Portland,Trail Blazers,2004,82,27,55,0.329,13,4,0,0,N/A,2896,6422,0.451,420,1161,0.362,1409,1944,0.725,7621,27
1610612757,Portland,Trail Blazers,2005,82,21,61,0.256,15,5,0,0,N/A,2791,6267,0.445,364,1042,0.349,1339,1944,0.689,7285,30
1610612757,Portland,Trail Blazers,2006,82,32,50,0.39,12,4,0,0,N/A,2874,6392,0.45,426,1232,0.346,1543,2006,0.769,7717,29
1610612757,Portland,Trail Blazers,2007,82,41,41,0.5,10,3,0,0,N/A,2935,6546,0.448,538,1426,0.377,1412,1841,0.767,7820,27
1610612757,Portland,Trail Blazers,2008,82,54,28,0.659,4,2,2,4,N/A,3018,6494,0.465,596,1555,0.383,1521,1988,0.765,8153,14
1610612757,Portland,Trail Blazers,2009,82,50,32,0.61,6,3,2,4,N/A,2974,6453,0.461,491,1388,0.354,1606,2033,0.79,8045,21
1610612757,Portland,Trail Blazers,2010,82,48,34,0.585,6,3,2,4,N/A,2951,6599,0.447,518,1503,0.345,1476,1835,0.804,7896,24
1610612757,Portland,Trail Blazers,2011,66,28,38,0.424,11,4,0,0,N/A,2402,5417,0.443,478,1382,0.346,1133,1423,0.796,6415,16
1610612757,Portland,Trail Blazers,2012,82,33,49,0.402,11,4,0,0,N/A,3009,6715,0.448,673,1904,0.353,1304,1680,0.776,7995,15
1610612757,Portland,Trail Blazers,2013,82,54,28,0.659,5,2,5,6,N/A,3207,7134,0.45,770,2071,0.372,1569,1926,0.815,8753,4
1610612757,Portland,Trail Blazers,2014,82,51,31,0.622,4,1,1,4,N/A,3175,7049,0.45,807,2231,0.362,1272,1589,0.801,8429,9
1610612757,Portland,Trail Blazers,2015,82,44,38,0.537,5,2,5,6,N/A,3167,7040,0.45,864,2336,0.37,1424,1889,0.754,8622,6
1610612757,Portland,Trail Blazers,2016,82,41,41,0.5,8,3,0,4,N/A,3243,7059,0.459,852,2272,0.375,1513,1940,0.78,8851,8
1610612757,Portland,Trail Blazers,2017,82,49,33,0.598,3,1,0,4,N/A,3222,7132,0.452,845,2308,0.366,1372,1715,0.8,8661,16
1610612757,Portland,Trail Blazers,2018,82,53,29,0.646,3,2,8,8,N/A,3470,7427,0.467,904,2520,0.359,1558,1914,0.814,9402,6
1610612757,Portland,Trail Blazers,2019,74,35,39,0.473,8,4,1,4,N/A,3122,6749,0.463,952,2525,0.377,1312,1632,0.804,8508,3
1610612757,Portland,Trail Blazers,2020,72,42,30,0.583,6,3,2,4,N/A,2973,6558,0.453,1132,2939,0.385,1282,1558,0.823,8360,5
1610612757,Portland,Trail Blazers,2021,82,27,55,0.329,13,4,0,0,N/A,3161,7144,0.442,1043,3017,0.346,1346,1771,0.76,8711,27
1610612758,Sacramento,Kings,2000,82,55,27,0.671,3,2,3,5,N/A,3132,6969,0.449,479,1353,0.354,1600,2075,0.771,8343,1
1610612758,Sacramento,Kings,2001,82,61,21,0.744,1,1,10,6,N/A,3267,7003,0.467,426,1160,0.367,1618,2154,0.751,8578,2
1610612758,Sacramento,Kings,2002,82,59,23,0.72,2,1,7,5,N/A,3242,6990,0.464,491,1288,0.381,1367,1832,0.746,8342,3
1610612758,Sacramento,Kings,2003,82,55,27,0.671,4,2,7,5,N/A,3103,6711,0.462,601,1498,0.401,1626,2044,0.795,8433,2
1610612758,Sacramento,Kings,2004,82,50,32,0.61,6,2,1,4,N/A,3203,6978,0.459,522,1396,0.374,1577,2004,0.787,8505,2
1610612758,Sacramento,Kings,2005,82,44,38,0.537,8,4,2,4,N/A,2954,6500,0.454,494,1408,0.351,1704,2173,0.784,8106,10
1610612758,Sacramento,Kings,2006,82,33,49,0.402,11,5,0,0,N/A,2941,6532,0.45,530,1513,0.35,1891,2473,0.765,8303,8
1610612758,Sacramento,Kings,2007,82,38,44,0.463,11,4,0,0,N/A,3043,6558,0.464,510,1367,0.373,1812,2272,0.798,8408,8
1610612758,Sacramento,Kings,2008,82,17,65,0.207,15,5,0,0,N/A,2990,6685,0.447,586,1594,0.368,1682,2107,0.798,8248,12
1610612758,Sacramento,Kings,2009,82,25,57,0.305,14,5,0,0,N/A,3144,6895,0.456,482,1383,0.349,1430,1969,0.726,8200,18
1610612758,Sacramento,Kings,2010,82,24,58,0.293,14,5,0,0,N/A,3134,6979,0.449,428,1277,0.335,1455,1981,0.734,8151,15
1610612758,Sacramento,Kings,2011,66,22,44,0.333,14,5,0,0,N/A,2490,5712,0.436,411,1301,0.316,1127,1532,0.736,6518,6
1610612758,Sacramento,Kings,2012,82,28,54,0.341,13,4,0,0,N/A,3086,6904,0.447,610,1681,0.363,1437,1869,0.769,8219,10
1610612758,Sacramento,Kings,2013,82,28,54,0.341,13,4,0,0,N/A,3026,6766,0.447,491,1475,0.333,1698,2237,0.759,8241,17
1610612758,Sacramento,Kings,2014,82,29,53,0.354,13,4,0,0,N/A,3010,6617,0.455,461,1350,0.341,1829,2400,0.762,8310,14
1610612758,Sacramento,Kings,2015,82,33,49,0.402,10,3,0,0,N/A,3283,7083,0.464,660,1839,0.359,1514,2089,0.725,8740,3
1610612758,Sacramento,Kings,2016,82,32,50,0.39,12,3,0,0,N/A,3105,6734,0.461,737,1960,0.376,1483,1913,0.775,8430,24
1610612758,Sacramento,Kings,2017,82,27,55,0.329,12,4,0,0,N/A,3179,7063,0.45,738,1967,0.375,1008,1371,0.735,8104,30
1610612758,Sacramento,Kings,2018,82,39,43,0.476,9,3,0,0,N/A,3541,7637,0.464,927,2455,0.378,1354,1865,0.726,9363,9
1610612758,Sacramento,Kings,2019,72,31,41,0.431,12,4,0,0,N/A,2943,6364,0.462,914,2511,0.364,1127,1464,0.77,7927,21
1610612758,Sacramento,Kings,2020,72,31,41,0.431,12,5,0,0,N/A,3067,6382,0.481,874,2400,0.364,1181,1585,0.745,8189,11
1610612758,Sacramento,Kings,2021,82,30,52,0.366,12,5,0,0,N/A,3321,7223,0.46,937,2722,0.344,1466,1908,0.768,9045,16
1610612759,San Antonio,Spurs,2000,82,58,24,0.707,1,1,7,6,N/A,2884,6262,0.461,445,1094,0.407,1673,2340,0.715,7886,12
1610612759,San Antonio,Spurs,2001,82,58,24,0.707,2,1,4,6,N/A,2913,6363,0.458,438,1211,0.362,1668,2249,0.742,7932,10
1610612759,San Antonio,Spurs,2002,82,60,22,0.732,1,1,16,8,LEAGUE CHAMPION,2908,6297,0.462,449,1270,0.354,1591,2194,0.725,7856,12
1610612759,San Antonio,Spurs,2003,82,57,25,0.695,3,2,6,4,N/A,2842,6434,0.442,408,1140,0.358,1409,2069,0.681,7501,19
1610612759,San Antonio,Spurs,2004,82,59,23,0.72,2,1,16,7,LEAGUE CHAMPION,2923,6450,0.453,507,1395,0.363,1535,2120,0.724,7888,18
1610612759,San Antonio,Spurs,2005,82,63,19,0.768,1,1,7,6,N/A,2993,6342,0.472,524,1362,0.385,1327,1891,0.702,7837,21
1610612759,San Antonio,Spurs,2006,82,58,24,0.707,3,2,16,4,LEAGUE CHAMPION,2999,6328,0.474,595,1561,0.381,1486,1980,0.751,8079,14
1610612759,San Antonio,Spurs,2007,82,56,26,0.683,3,2,9,8,N/A,2938,6424,0.457,594,1610,0.369,1350,1774,0.761,7820,27
1610612759,San Antonio,Spurs,2008,82,54,28,0.659,3,1,1,4,N/A,3042,6534,0.466,625,1620,0.386,1249,1641,0.761,7958,23
1610612759,San Antonio,Spurs,2009,82,50,32,0.61,7,2,4,6,N/A,3150,6659,0.473,554,1547,0.358,1458,1969,0.74,8312,15
1610612759,San Antonio,Spurs,2010,82,61,21,0.744,1,1,2,4,N/A,3148,6628,0.475,685,1727,0.397,1521,1984,0.767,8502,6
1610612759,San Antonio,Spurs,2011,66,50,16,0.758,1,1,10,4,N/A,2611,5463,0.478,552,1405,0.393,1067,1427,0.748,6841,2
1610612759,San Antonio,Spurs,2012,82,58,24,0.707,2,1,15,6,FINALS APPEARANCE,3210,6675,0.481,663,1764,0.376,1365,1725,0.791,8448,4
1610612759,San Antonio,Spurs,2013,82,62,20,0.756,1,1,16,7,LEAGUE CHAMPION,3326,6844,0.486,698,1757,0.397,1289,1642,0.785,8639,6
1610612759,San Antonio,Spurs,2014,82,55,27,0.671,6,3,3,4,N/A,3208,6854,0.468,677,1847,0.367,1368,1754,0.78,8461,7
1610612759,San Antonio,Spurs,2015,82,67,15,0.817,2,1,6,4,N/A,3289,6797,0.484,570,1518,0.375,1342,1672,0.803,8490,10
1610612759,San Antonio,Spurs,2016,82,61,21,0.744,2,1,8,8,N/A,3222,6864,0.469,753,1927,0.391,1440,1806,0.797,8637,14
1610612759,San Antonio,Spurs,2017,82,47,35,0.573,7,3,1,4,N/A,3202,6999,0.457,696,1977,0.352,1324,1715,0.772,8424,27
1610612759,San Antonio,Spurs,2018,82,48,34,0.585,7,2,3,4,N/A,3468,7248,0.478,812,2071,0.392,1408,1720,0.819,9156,18
1610612759,San Antonio,Spurs,2019,71,32,39,0.451,11,4,0,0,N/A,2995,6350,0.472,760,2021,0.376,1348,1664,0.81,8098,14
1610612759,San Antonio,Spurs,2020,72,33,39,0.458,10,3,0,0,N/A,3014,6518,0.462,716,2046,0.35,1254,1584,0.792,7998,20
1610612759,San Antonio,Spurs,2021,82,34,48,0.415,10,4,0,0,N/A,3546,7601,0.467,925,2626,0.352,1262,1673,0.754,9279,8
1610612760,Oklahoma City,Thunder,2000,82,44,38,0.537,10,5,0,0,N/A,3029,6649,0.456,466,1169,0.399,1454,1986,0.732,7978,8
1610612760,Oklahoma City,Thunder,2001,82,45,37,0.549,7,4,2,3,N/A,3131,6681,0.469,489,1292,0.378,1263,1672,0.755,8014,6
1610612760,Oklahoma City,Thunder,2002,82,40,42,0.488,10,5,0,0,N/A,2887,6599,0.437,456,1291,0.353,1325,1780,0.744,7555,23
1610612760,Oklahoma City,Thunder,2003,82,37,45,0.451,12,5,0,0,N/A,2939,6590,0.446,723,1936,0.373,1363,1782,0.765,7964,6
1610612760,Oklahoma City,Thunder,2004,82,52,30,0.634,4,1,6,5,N/A,2882,6498,0.444,666,1824,0.365,1683,2131,0.79,8113,11
1610612760,Oklahoma City,Thunder,2005,82,35,47,0.427,11,3,0,0,N/A,3077,6711,0.459,605,1631,0.371,1652,2104,0.785,8411,2
1610612760,Oklahoma City,Thunder,2006,82,31,51,0.378,14,5,0,0,N/A,3047,6628,0.46,525,1451,0.362,1511,1911,0.791,8130,12
1610612760,Oklahoma City,Thunder,2007,82,20,62,0.244,15,5,0,0,N/A,3125,7032,0.444,313,939,0.333,1436,1866,0.77,7999,16
1610612760,Oklahoma City,Thunder,2008,82,23,59,0.28,13,5,0,0,N/A,2999,6716,0.447,328,949,0.346,1626,2069,0.786,7952,24
1610612760,Oklahoma City,Thunder,2009,82,50,32,0.61,8,4,2,4,N/A,3063,6629,0.462,418,1229,0.34,1778,2210,0.805,8322,14
1610612760,Oklahoma City,Thunder,2010,82,55,27,0.671,4,1,9,8,N/A,3066,6609,0.464,487,1403,0.347,1977,2401,0.823,8596,5
1610612760,Oklahoma City,Thunder,2011,66,47,19,0.712,2,1,13,7,FINALS APPEARANCE,2462,5229,0.471,472,1317,0.358,1406,1744,0.806,6802,3
1610612760,Oklahoma City,Thunder,2012,82,60,22,0.732,1,1,5,6,N/A,3126,6504,0.481,598,1588,0.377,1819,2196,0.828,8669,3
1610612760,Oklahoma City,Thunder,2013,82,59,23,0.72,2,1,10,9,N/A,3194,6782,0.471,664,1839,0.361,1653,2052,0.806,8705,5
1610612760,Oklahoma City,Thunder,2014,82,45,37,0.549,9,2,0,0,N/A,3184,7119,0.447,632,1864,0.339,1524,2020,0.754,8524,5
1610612760,Oklahoma City,Thunder,2015,82,55,27,0.671,3,1,11,7,N/A,3372,7082,0.476,678,1945,0.349,1616,2067,0.782,9038,2
1610612760,Oklahoma City,Thunder,2016,82,47,35,0.573,6,2,1,4,N/A,3237,7169,0.452,692,2116,0.327,1575,2113,0.745,8741,11
1610612760,Oklahoma City,Thunder,2017,82,48,34,0.585,4,2,2,4,N/A,3271,7221,0.453,881,2491,0.354,1421,1985,0.716,8844,12
1610612760,Oklahoma City,Thunder,2018,82,49,33,0.598,6,4,1,4,N/A,3497,7706,0.454,932,2677,0.348,1461,2049,0.713,9387,7
1610612760,Oklahoma City,Thunder,2019,72,44,28,0.611,5,2,3,4,N/A,2879,6156,0.468,770,2171,0.355,1422,1787,0.796,7950,20
1610612760,Oklahoma City,Thunder,2020,72,22,50,0.306,14,5,0,0,N/A,2795,6338,0.441,857,2529,0.339,1113,1536,0.725,7560,28
1610612760,Oklahoma City,Thunder,2021,82,24,58,0.293,14,5,0,0,N/A,3141,7310,0.43,991,3066,0.323,1233,1632,0.756,8506,30
1610612761,Toronto,Raptors,2000,82,47,35,0.573,5,2,6,6,N/A,3048,6972,0.437,429,1164,0.369,1482,1984,0.747,8007,5
1610612761,Toronto,Raptors,2001,82,42,40,0.512,7,3,2,3,N/A,2919,6727,0.434,387,1109,0.349,1269,1717,0.739,7494,25
1610612761,Toronto,Raptors,2002,82,24,58,0.293,14,7,0,0,N/A,2847,6664,0.427,409,1193,0.343,1350,1879,0.718,7453,27
1610612761,Toronto,Raptors,2003,82,33,49,0.402,10,6,0,0,N/A,2654,6348,0.418,461,1294,0.356,1237,1650,0.75,7006,29
1610612761,Toronto,Raptors,2004,82,33,49,0.402,11,4,0,0,N/A,2952,6656,0.444,648,1681,0.385,1626,2101,0.774,8178,7
1610612761,Toronto,Raptors,2005,82,27,55,0.329,12,4,0,0,N/A,3013,6639,0.454,608,1620,0.375,1653,2089,0.791,8287,4
1610612761,Toronto,Raptors,2006,82,47,35,0.573,3,1,2,4,N/A,3032,6547,0.463,531,1464,0.363,1562,1982,0.788,8157,11
1610612761,Toronto,Raptors,2007,82,41,41,0.5,6,2,1,4,N/A,3148,6726,0.468,572,1459,0.392,1347,1658,0.812,8215,13
1610612761,Toronto,Raptors,2008,82,33,49,0.402,13,4,0,0,N/A,3054,6673,0.458,479,1289,0.372,1534,1861,0.824,8121,16
1610612761,Toronto,Raptors,2009,82,40,42,0.488,9,2,0,0,N/A,3199,6631,0.482,518,1397,0.371,1618,2118,0.764,8534,5
1610612761,Toronto,Raptors,2010,82,22,60,0.268,14,5,0,0,N/A,3144,6755,0.465,345,1091,0.316,1491,1976,0.755,8124,17
1610612761,Toronto,Raptors,2011,66,23,43,0.348,11,4,0,0,N/A,2268,5154,0.44,365,1075,0.34,1085,1410,0.77,5986,28
1610612761,Toronto,Raptors,2012,82,34,48,0.415,10,5,0,0,N/A,2979,6685,0.446,571,1665,0.343,1442,1831,0.788,7971,16
1610612761,Toronto,Raptors,2013,82,48,34,0.585,3,1,3,4,N/A,2992,6718,0.445,713,1917,0.372,1608,2055,0.782,8305,13
1610612761,Toronto,Raptors,2014,82,49,33,0.598,4,1,0,4,N/A,3108,6829,0.455,726,2060,0.352,1585,2014,0.787,8527,4
1610612761,Toronto,Raptors,2015,82,56,26,0.683,2,1,10,10,N/A,3006,6669,0.451,708,1915,0.37,1702,2190,0.777,8422,14
1610612761,Toronto,Raptors,2016,82,51,31,0.622,3,2,4,6,N/A,3211,6918,0.464,725,1996,0.363,1615,2028,0.796,8762,10
1610612761,Toronto,Raptors,2017,82,59,23,0.72,1,1,4,6,N/A,3383,7169,0.472,968,2705,0.358,1422,1790,0.794,9156,4
1610612761,Toronto,Raptors,2018,82,58,24,0.707,2,1,16,8,LEAGUE CHAMPION,3460,7305,0.474,1015,2771,0.366,1449,1803,0.804,9384,8
1610612761,Toronto,Raptors,2019,72,53,19,0.736,2,1,7,4,N/A,2897,6331,0.458,995,2663,0.374,1329,1670,0.796,8118,13
1610612761,Toronto,Raptors,2020,72,27,45,0.375,12,5,0,0,N/A,2859,6383,0.448,1041,2831,0.368,1252,1536,0.815,8011,19
1610612761,Toronto,Raptors,2021,82,48,34,0.585,5,3,2,4,N/A,3332,7489,0.445,979,2808,0.349,1327,1749,0.759,8970,20
1610612762,Utah,Jazz,2000,82,53,29,0.646,4,2,2,3,N/A,2960,6289,0.471,325,852,0.381,1714,2280,0.752,7959,10
1610612762,Utah,Jazz,2001,82,44,38,0.537,8,4,1,3,N/A,2869,6374,0.45,280,842,0.333,1853,2430,0.763,7871,14
1610612762,Utah,Jazz,2002,82,47,35,0.573,7,4,1,4,N/A,2894,6189,0.468,224,641,0.349,1750,2349,0.745,7762,17
1610612762,Utah,Jazz,2003,82,42,40,0.512,9,7,0,0,N/A,2690,6172,0.436,252,786,0.321,1639,2196,0.746,7271,27
1610612762,Utah,Jazz,2004,82,26,56,0.317,14,5,0,0,N/A,2828,6301,0.449,250,762,0.328,1719,2272,0.757,7625,26
1610612762,Utah,Jazz,2005,82,41,41,0.5,9,2,0,0,N/A,2744,6207,0.442,311,925,0.336,1774,2466,0.719,7573,26
1610612762,Utah,Jazz,2006,82,51,31,0.622,4,1,9,8,N/A,3069,6471,0.474,354,1056,0.335,1830,2462,0.743,8322,7
1610612762,Utah,Jazz,2007,82,54,28,0.659,4,1,6,6,N/A,3279,6592,0.497,407,1095,0.372,1745,2298,0.759,8710,5
1610612762,Utah,Jazz,2008,82,48,34,0.585,8,3,1,4,N/A,3143,6623,0.475,392,1122,0.349,1814,2352,0.771,8492,7
1610612762,Utah,Jazz,2009,82,53,29,0.646,5,2,4,6,N/A,3227,6575,0.491,439,1207,0.364,1654,2233,0.741,8547,4
1610612762,Utah,Jazz,2010,82,39,43,0.476,11,4,0,0,N/A,3064,6590,0.465,435,1256,0.346,1590,2061,0.771,8153,14
1610612762,Utah,Jazz,2011,66,36,30,0.545,8,3,0,4,N/A,2523,5531,0.456,273,845,0.323,1258,1668,0.754,6577,4
1610612762,Utah,Jazz,2012,82,43,39,0.524,9,3,0,0,N/A,3046,6710,0.454,507,1385,0.366,1439,1883,0.764,8038,13
1610612762,Utah,Jazz,2013,82,25,57,0.305,15,5,0,0,N/A,2951,6652,0.444,543,1577,0.344,1346,1803,0.747,7791,29
1610612762,Utah,Jazz,2014,82,38,44,0.463,11,3,0,0,N/A,2900,6492,0.447,610,1781,0.343,1391,1929,0.721,7801,26
1610612762,Utah,Jazz,2015,82,40,42,0.488,9,3,0,0,N/A,2957,6593,0.449,694,1956,0.355,1402,1885,0.744,8010,28
1610612762,Utah,Jazz,2016,82,51,31,0.622,5,1,4,7,N/A,3033,6515,0.466,791,2128,0.372,1401,1875,0.747,8258,28
1610612762,Utah,Jazz,2017,82,48,34,0.585,5,3,5,6,N/A,3139,6797,0.462,887,2425,0.366,1375,1766,0.779,8540,19
1610612762,Utah,Jazz,2018,82,50,32,0.61,5,3,1,4,N/A,3314,7082,0.468,993,2789,0.356,1540,2092,0.736,9161,17
1610612762,Utah,Jazz,2019,72,44,28,0.611,6,3,3,4,N/A,2886,6130,0.471,963,2537,0.38,1278,1641,0.779,8013,18
1610612762,Utah,Jazz,2020,72,52,20,0.722,1,1,6,5,N/A,2971,6344,0.468,1205,3098,0.389,1235,1546,0.799,8382,4
1610612762,Utah,Jazz,2021,82,49,33,0.598,5,1,2,4,N/A,3327,7067,0.471,1192,3308,0.36,1470,1916,0.767,9316,7
1610612763,Vancouver,Grizzlies,2000,82,23,59,0.28,13,7,0,0,N/A,2870,6539,0.439,325,947,0.343,1457,1892,0.77,7522,25
1610612763,Memphis,Grizzlies,2001,82,23,59,0.28,13,7,0,0,N/A,2851,6535,0.436,336,1096,0.307,1334,1883,0.708,7372,27
1610612763,Memphis,Grizzlies,2002,82,28,54,0.341,12,6,0,0,N/A,3049,6743,0.452,467,1279,0.365,1430,1936,0.739,7995,8
1610612763,Memphis,Grizzlies,2003,82,50,32,0.61,6,4,0,4,N/A,2963,6657,0.445,447,1314,0.34,1557,2143,0.727,7930,7
1610612763,Memphis,Grizzlies,2004,82,45,37,0.549,8,4,0,4,N/A,2802,6271,0.447,531,1486,0.357,1526,2024,0.754,7661,23
1610612763,Memphis,Grizzlies,2005,82,49,33,0.598,5,3,0,4,N/A,2746,6125,0.448,590,1578,0.374,1476,2077,0.711,7558,27
1610612763,Memphis,Grizzlies,2006,82,22,60,0.268,15,5,0,0,N/A,2998,6448,0.465,500,1362,0.367,1835,2410,0.761,8331,6
1610612763,Memphis,Grizzlies,2007,82,22,60,0.268,14,5,0,0,N/A,3060,6737,0.454,620,1779,0.349,1517,2097,0.723,8257,10
1610612763,Memphis,Grizzlies,2008,82,24,58,0.293,12,5,0,0,N/A,2865,6311,0.454,398,1106,0.36,1570,2077,0.756,7698,29
1610612763,Memphis,Grizzlies,2009,82,40,42,0.488,10,4,0,0,N/A,3223,6875,0.469,344,1020,0.337,1614,2202,0.733,8404,7
1610612763,Memphis,Grizzlies,2010,82,46,36,0.561,8,4,7,6,N/A,3200,6801,0.471,309,926,0.334,1486,1981,0.75,8195,12
1610612763,Memphis,Grizzlies,2011,66,41,25,0.621,4,2,3,4,N/A,2425,5422,0.447,277,849,0.326,1142,1504,0.759,6269,20
1610612763,Memphis,Grizzlies,2012,82,56,26,0.683,5,2,8,7,N/A,2964,6679,0.444,382,1107,0.345,1349,1746,0.773,7659,27
1610612763,Memphis,Grizzlies,2013,82,50,32,0.61,7,3,3,4,N/A,3122,6723,0.464,405,1147,0.353,1235,1666,0.741,7884,27
1610612763,Memphis,Grizzlies,2014,82,55,27,0.671,5,2,6,5,N/A,3097,6763,0.458,423,1246,0.339,1445,1869,0.773,8062,20
1610612763,Memphis,Grizzlies,2015,82,42,40,0.512,7,3,0,4,N/A,3019,6859,0.44,504,1521,0.331,1584,2024,0.783,8126,24
1610612763,Memphis,Grizzlies,2016,82,43,39,0.524,7,3,2,4,N/A,2984,6854,0.435,767,2169,0.354,1504,1918,0.784,8239,29
1610612763,Memphis,Grizzlies,2017,82,22,60,0.268,14,5,0,0,N/A,3013,6788,0.444,758,2152,0.352,1361,1732,0.786,8145,29
1610612763,Memphis,Grizzlies,2018,82,33,49,0.402,12,3,0,0,N/A,3113,6924,0.45,811,2368,0.342,1453,1882,0.772,8490,30
1610612763,Memphis,Grizzlies,2019,73,34,39,0.466,9,3,0,0,N/A,3106,6634,0.468,798,2297,0.347,1212,1589,0.763,8222,9
1610612763,Memphis,Grizzlies,2020,72,38,34,0.528,8,2,1,4,N/A,3085,6608,0.467,803,2258,0.356,1184,1536,0.771,8157,15
1610612763,Memphis,Grizzlies,2021,82,56,26,0.683,2,1,6,6,N/A,3571,7739,0.461,945,2679,0.353,1393,1898,0.734,9480,2
1610612764,Washington,Wizards,2000,82,19,63,0.232,14,7,0,0,N/A,2833,6453,0.439,275,848,0.324,1704,2245,0.759,7645,18
1610612764,Washington,Wizards,2001,82,37,45,0.451,10,5,0,0,N/A,2938,6664,0.441,305,786,0.388,1428,1866,0.765,7609,21
1610612764,Washington,Wizards,2002,82,37,45,0.451,9,5,0,0,N/A,2816,6394,0.44,253,811,0.312,1617,2077,0.779,7502,24
1610612764,Washington,Wizards,2003,82,25,57,0.305,13,6,0,0,N/A,2758,6556,0.421,433,1269,0.341,1579,2211,0.714,7528,18
1610612764,Washington,Wizards,2004,82,45,37,0.549,5,2,4,6,N/A,2966,6794,0.437,514,1498,0.343,1795,2476,0.725,8241,6
1610612764,Washington,Wizards,2005,82,42,40,0.512,5,2,2,4,N/A,2975,6656,0.447,497,1394,0.357,1889,2496,0.757,8336,3
1610612764,Washington,Wizards,2006,82,41,41,0.5,7,2,0,4,N/A,3070,6820,0.45,561,1614,0.348,1855,2425,0.765,8556,4
1610612764,Washington,Wizards,2007,82,43,39,0.524,5,2,2,4,N/A,2986,6695,0.446,575,1614,0.356,1557,1991,0.782,8104,14
1610612764,Washington,Wizards,2008,82,19,63,0.232,15,5,0,0,N/A,2994,6655,0.45,395,1198,0.33,1494,1948,0.767,7877,25
1610612764,Washington,Wizards,2009,82,26,56,0.317,14,5,0,0,N/A,3008,6700,0.449,432,1225,0.353,1444,1895,0.762,7892,26
1610612764,Washington,Wizards,2010,82,23,59,0.28,13,5,0,0,N/A,3048,6888,0.443,392,1182,0.332,1489,1999,0.745,7977,21
1610612764,Washington,Wizards,2011,66,20,46,0.303,14,4,0,0,N/A,2414,5475,0.441,344,1075,0.32,1008,1386,0.727,6180,22
1610612764,Washington,Wizards,2012,82,29,53,0.354,12,3,0,0,N/A,2910,6693,0.435,545,1495,0.365,1279,1746,0.733,7644,28
1610612764,Washington,Wizards,2013,82,44,38,0.537,5,2,6,5,N/A,3177,6920,0.459,647,1704,0.38,1253,1715,0.731,8254,16
1610612764,Washington,Wizards,2014,82,46,36,0.561,5,2,6,4,N/A,3139,6790,0.462,497,1381,0.36,1305,1758,0.742,8080,17
1610612764,Washington,Wizards,2015,82,41,41,0.5,10,4,0,0,N/A,3238,7033,0.46,709,1983,0.358,1349,1849,0.73,8534,9
1610612764,Washington,Wizards,2016,82,49,33,0.598,4,1,7,6,N/A,3388,7137,0.475,756,2030,0.372,1421,1812,0.784,8953,5
1610612764,Washington,Wizards,2017,82,43,39,0.524,8,2,2,4,N/A,3275,7018,0.467,814,2173,0.375,1378,1786,0.772,8742,13
1610612764,Washington,Wizards,2018,82,32,50,0.39,11,4,0,0,N/A,3456,7387,0.468,930,2731,0.341,1508,1963,0.768,9350,10
1610612764,Washington,Wizards,2019,72,25,47,0.347,9,3,0,0,N/A,2990,6544,0.457,864,2345,0.368,1394,1770,0.788,8238,8
1610612764,Washington,Wizards,2020,72,34,38,0.472,8,3,1,4,N/A,3108,6547,0.475,733,2088,0.351,1449,1884,0.769,8398,3
1610612764,Washington,Wizards,2021,82,35,47,0.427,12,4,0,0,N/A,3327,7056,0.472,860,2512,0.342,1393,1778,0.783,8907,22
1610612765,Detroit,Pistons,2000,82,32,50,0.39,10,5,0,0,N/A,2919,6880,0.424,389,1112,0.35,1610,2233,0.721,7837,13
1610612765,Detroit,Pistons,2001,82,50,32,0.61,2,1,4,6,N/A,2845,6300,0.452,567,1509,0.376,1478,1954,0.756,7735,18
1610612765,Detroit,Pistons,2002,82,50,32,0.61,1,1,8,9,N/A,2700,6277,0.43,533,1488,0.358,1559,2021,0.771,7492,26
1610612765,Detroit,Pistons,2003,82,54,28,0.659,3,2,16,7,LEAGUE CHAMPION,2747,6314,0.435,333,968,0.344,1561,2074,0.753,7388,24
1610612765,Detroit,Pistons,2004,82,54,28,0.659,2,1,15,10,FINALS APPEARANCE,2851,6421,0.444,363,1053,0.345,1588,2150,0.739,7653,24
1610612765,Detroit,Pistons,2005,82,64,18,0.78,1,1,10,8,N/A,2983,6558,0.455,557,1451,0.384,1418,1950,0.727,7941,19
1610612765,Detroit,Pistons,2006,82,53,29,0.646,1,1,10,6,N/A,2942,6484,0.454,449,1305,0.344,1539,1988,0.774,7872,21
1610612765,Detroit,Pistons,2007,82,59,23,0.72,2,1,10,7,N/A,2999,6551,0.458,487,1330,0.366,1507,1965,0.767,7992,17
1610612765,Detroit,Pistons,2008,82,39,43,0.476,8,3,0,4,N/A,2981,6559,0.454,377,1079,0.349,1388,1849,0.751,7727,28
1610612765,Detroit,Pistons,2009,82,27,55,0.329,12,5,0,0,N/A,2940,6602,0.445,374,1190,0.314,1455,1998,0.728,7709,29
1610612765,Detroit,Pistons,2010,82,30,52,0.366,11,4,0,0,N/A,3056,6647,0.46,472,1256,0.376,1367,1854,0.737,7951,22
1610612765,Detroit,Pistons,2011,66,25,41,0.379,10,4,0,0,N/A,2291,5232,0.438,317,916,0.346,1098,1461,0.752,5997,27
1610612765,Detroit,Pistons,2012,82,29,53,0.354,11,4,0,0,N/A,2979,6638,0.449,513,1440,0.356,1307,1870,0.699,7778,22
1610612765,Detroit,Pistons,2013,82,29,53,0.354,11,4,0,0,N/A,3182,7124,0.447,507,1580,0.321,1415,2111,0.67,8286,14
1610612765,Detroit,Pistons,2014,82,32,50,0.39,12,5,0,0,N/A,3041,7038,0.432,703,2043,0.344,1292,1838,0.703,8077,18
1610612765,Detroit,Pistons,2015,82,44,38,0.537,8,3,0,4,N/A,3111,7087,0.439,740,2148,0.345,1399,2095,0.668,8361,19
1610612765,Detroit,Pistons,2016,82,37,45,0.451,10,5,0,0,N/A,3269,7282,0.449,631,1915,0.33,1140,1586,0.719,8309,26
1610612765,Detroit,Pistons,2017,82,39,43,0.476,9,4,0,0,N/A,3208,7129,0.45,886,2373,0.373,1207,1621,0.745,8509,22
1610612765,Detroit,Pistons,2018,82,41,41,0.5,8,3,0,4,N/A,3185,7238,0.44,993,2854,0.348,1415,1893,0.747,8778,25
1610612765,Detroit,Pistons,2019,66,20,46,0.303,13,4,0,0,N/A,2595,5658,0.459,791,2157,0.367,1097,1476,0.743,7078,25
1610612765,Detroit,Pistons,2020,72,20,52,0.278,15,5,0,0,N/A,2783,6162,0.452,832,2370,0.351,1278,1683,0.759,7676,27
1610612765,Detroit,Pistons,2021,82,23,59,0.28,14,5,0,0,N/A,3129,7267,0.431,925,2838,0.326,1413,1806,0.782,8596,28
1610612766,Charlotte,Hornets,2000,82,46,36,0.561,6,3,6,4,N/A,2800,6501,0.431,340,984,0.346,1599,2146,0.745,7539,24
1610612766,Charlotte,Hornets,2001,82,44,38,0.537,4,2,4,5,N/A,2893,6580,0.44,346,994,0.348,1568,2105,0.745,7700,20
1610612766,Charlotte,Hornets,2004,82,18,64,0.22,14,4,0,0,N/A,2961,6859,0.432,320,881,0.363,1487,2096,0.709,7729,22
1610612766,Charlotte,Hornets,2005,82,26,56,0.317,13,4,0,0,N/A,2961,6843,0.433,428,1261,0.339,1593,2186,0.729,7943,18
1610612766,Charlotte,Hornets,2006,82,33,49,0.402,11,4,0,0,N/A,2960,6643,0.446,457,1280,0.357,1568,2136,0.734,7945,18
1610612766,Charlotte,Hornets,2007,82,32,50,0.39,12,4,0,0,N/A,2960,6554,0.452,529,1443,0.367,1510,2115,0.714,7959,19
1610612766,Charlotte,Hornets,2008,82,35,47,0.427,10,4,0,0,N/A,2866,6299,0.455,490,1339,0.366,1455,1965,0.74,7677,30
1610612766,Charlotte,Hornets,2009,82,44,38,0.537,7,4,0,4,N/A,2858,6306,0.453,460,1331,0.346,1637,2180,0.751,7813,28
1610612766,Charlotte,Hornets,2010,82,34,48,0.415,10,4,0,0,N/A,2873,6365,0.451,393,1203,0.327,1511,1999,0.756,7650,29
1610612766,Charlotte,Hornets,2011,66,7,59,0.106,15,5,0,0,N/A,2193,5293,0.414,263,892,0.295,1090,1462,0.746,5739,30
1610612766,Charlotte,Hornets,2012,82,21,61,0.256,14,4,0,0,N/A,2823,6649,0.425,469,1399,0.335,1546,2060,0.75,7661,26
1610612766,Charlotte,Hornets,2013,82,43,39,0.524,7,3,0,4,N/A,2976,6730,0.442,516,1471,0.351,1474,2000,0.737,7942,23
1610612766,Charlotte,Hornets,2014,82,33,49,0.402,11,4,0,0,N/A,2913,6932,0.42,498,1566,0.318,1397,1867,0.748,7721,28
1610612766,Charlotte,Hornets,2015,82,48,34,0.585,6,3,3,4,N/A,3036,6922,0.439,873,2410,0.362,1534,1941,0.79,8479,11
1610612766,Charlotte,Hornets,2016,82,36,46,0.439,11,4,0,0,N/A,3093,7000,0.442,824,2347,0.351,1591,1953,0.815,8601,16
1610612766,Charlotte,Hornets,2017,82,36,46,0.439,10,3,0,0,N/A,3197,7106,0.45,824,2233,0.369,1656,2216,0.747,8874,10
1610612766,Charlotte,Hornets,2018,82,39,43,0.476,9,2,0,0,N/A,3297,7362,0.448,977,2783,0.351,1510,1895,0.797,9081,19
1610612766,Charlotte,Hornets,2019,65,23,42,0.354,10,4,0,0,N/A,2425,5586,0.434,785,2231,0.352,1052,1406,0.748,6687,30
1610612766,Charlotte,Hornets,2020,72,33,39,0.458,10,4,0,0,N/A,2875,6324,0.455,985,2666,0.369,1146,1505,0.761,7881,23
1610612766,Charlotte,Hornets,2021,82,43,39,0.524,10,3,0,0,N/A,3508,7497,0.468,1143,3130,0.365,1298,1753,0.74,9457,4
